vote_average,vote_count
5.1,495.0
6.4,1642.0
8.4,7684.0
7.5,120.0
5.7,9.0
5.4,8.0
5.9,892.0
7.4,28.0
6.4,159.0
6.9,115.0
7.7,3601.0
0.0,0.0
8.0,6332.0
5.5,452.0
7.3,4466.0
5.9,22.0
6.2,851.0
6.0,111.0
6.3,360.0
6.3,1751.0
5.2,612.0
5.8,511.0
0.0,0.0
5.0,15.0
5.7,313.0
5.5,52.0
7.1,117.0
6.6,1142.0
7.0,201.0
6.1,487.0
8.2,9660.0
7.1,427.0
5.8,2149.0
0.0,0.0
6.2,1404.0
6.3,1226.0
5.3,59.0
6.4,836.0
3.4,6.0
6.5,58.0
7.4,82.0
7.8,624.0
4.7,59.0
5.9,143.0
6.5,518.0
6.2,43.0
6.6,5630.0
7.7,7806.0
5.8,193.0
6.5,650.0
6.7,20.0
7.5,107.0
5.5,23.0
0.0,0.0
5.8,423.0
5.8,126.0
6.4,22.0
4.2,2588.0
6.5,47.0
6.0,66.0
7.4,5882.0
6.5,36.0
6.8,575.0
4.8,358.0
0.0,0.0
6.7,659.0
5.8,164.0
7.3,112.0
8.1,1272.0
6.2,3046.0
6.9,718.0
7.4,577.0
6.4,693.0
7.1,16.0
5.5,13.0
6.0,1006.0
6.9,13.0
6.7,565.0
6.0,40.0
5.2,360.0
6.4,131.0
5.8,128.0
6.5,999.0
6.7,423.0
0.0,0.0
5.2,363.0
7.5,932.0
6.6,401.0
7.4,693.0
6.3,154.0
7.9,9102.0
7.3,231.0
6.4,56.0
7.3,545.0
7.8,2877.0
5.7,3.0
5.9,65.0
6.3,8.0
5.8,255.0
6.5,167.0
5.9,111.0
7.8,5312.0
7.4,28.0
6.3,63.0
5.1,36.0
0.0,0.0
6.3,151.0
7.9,5369.0
6.4,91.0
6.3,18.0
6.2,485.0
5.3,196.0
6.6,2089.0
6.4,106.0
8.3,14128.0
5.5,177.0
6.0,18.0
5.8,1172.0
4.7,86.0
6.2,245.0
6.5,1872.0
7.4,3482.0
5.3,28.0
5.9,532.0
7.2,5456.0
6.8,75.0
5.5,22.0
6.5,511.0
4.1,324.0
0.0,0.0
6.6,248.0
5.5,88.0
7.0,17.0
6.3,2896.0
6.2,353.0
6.9,24.0
5.4,30.0
6.3,57.0
5.8,968.0
6.9,5947.0
0.0,0.0
6.6,712.0
5.8,182.0
4.6,103.0
7.5,201.0
5.6,85.0
5.0,365.0
6.8,4614.0
5.6,919.0
5.0,104.0
5.7,6.0
7.1,57.0
6.9,54.0
4.4,1364.0
7.0,21.0
6.2,700.0
5.5,25.0
4.8,13.0
4.9,251.0
0.0,0.0
6.6,41.0
4.5,21.0
6.6,190.0
7.5,1153.0
5.5,372.0
2.1,8.0
8.0,266.0
6.4,1313.0
6.9,213.0
7.4,1646.0
0.0,0.0
7.1,127.0
6.7,53.0
5.6,321.0
5.8,242.0
6.7,5284.0
4.8,159.0
4.5,2.0
7.3,2701.0
6.2,888.0
6.4,406.0
0.0,0.0
6.1,67.0
7.3,508.0
6.1,3835.0
6.8,4.0
6.9,70.0
6.8,11.0
8.0,10535.0
5.8,68.0
5.0,181.0
5.9,1105.0
5.4,137.0
5.8,30.0
6.4,45.0
7.0,25.0
4.4,15.0
5.9,353.0
4.8,71.0
6.7,1201.0
5.9,600.0
5.5,158.0
5.8,396.0
6.9,4425.0
5.4,122.0
5.6,125.0
6.8,46.0
5.3,281.0
6.0,95.0
6.5,528.0
5.3,250.0
7.6,4829.0
0.0,0.0
5.9,40.0
6.4,550.0
5.8,2190.0
7.0,149.0
6.6,403.0
6.2,43.0
8.0,25.0
7.8,83.0
5.7,97.0
5.4,18.0
6.7,1521.0
7.5,6.0
6.1,183.0
5.3,937.0
7.0,700.0
7.7,472.0
5.4,15.0
5.8,1260.0
6.2,12.0
6.4,70.0
0.0,0.0
6.2,1357.0
6.0,200.0
5.1,116.0
7.2,17.0
7.1,2703.0
6.2,169.0
6.6,56.0
5.6,64.0
7.5,432.0
6.4,69.0
6.1,48.0
6.1,557.0
6.8,5074.0
7.8,1715.0
6.1,1446.0
7.0,238.0
6.4,187.0
5.8,230.0
5.1,169.0
7.4,5.0
0.0,0.0
6.4,443.0
6.7,2807.0
5.6,30.0
7.9,1390.0
7.9,6.0
6.1,10.0
5.7,878.0
6.7,88.0
5.8,101.0
6.1,55.0
7.4,1138.0
7.8,5572.0
7.4,1247.0
5.1,379.0
6.4,5.0
6.4,479.0
6.3,790.0
5.7,181.0
5.0,348.0
6.6,1608.0
6.6,81.0
6.1,8.0
5.7,604.0
5.2,163.0
7.1,2480.0
0.0,0.0
6.5,4063.0
5.9,16.0
6.5,147.0
7.3,1736.0
5.5,61.0
7.2,10014.0
4.1,39.0
5.4,112.0
6.1,223.0
6.7,1234.0
0.0,0.0
7.4,2196.0
7.3,42.0
6.8,7424.0
5.2,24.0
6.4,366.0
5.8,377.0
5.0,31.0
6.1,44.0
6.6,1512.0
6.8,6.0
6.0,64.0
5.7,38.0
5.5,86.0
7.2,3389.0
0.0,0.0
6.2,748.0
5.1,99.0
6.2,1940.0
5.9,919.0
7.8,353.0
4.9,14.0
5.9,33.0
6.7,2503.0
7.5,2050.0
6.4,560.0
0.0,0.0
7.0,252.0
7.0,682.0
6.5,19.0
5.8,2036.0
7.4,10773.0
6.7,833.0
5.3,34.0
5.5,1543.0
6.6,327.0
6.5,1330.0
0.0,0.0
6.0,2708.0
5.4,39.0
6.7,76.0
6.0,135.0
7.1,53.0
6.6,10.0
6.8,345.0
7.4,9623.0
4.2,5.0
6.5,497.0
6.0,27.0
6.8,266.0
6.3,597.0
5.7,14.0
5.5,11.0
6.1,1662.0
4.7,64.0
7.2,3178.0
5.0,25.0
0.0,0.0
7.2,93.0
6.7,2560.0
6.4,909.0
6.4,20.0
5.1,46.0
5.7,527.0
7.4,17.0
5.8,697.0
8.2,9875.0
6.1,323.0
0.0,0.0
7.3,48.0
6.7,29.0
7.0,24.0
7.2,743.0
7.5,807.0
6.9,1060.0
6.2,353.0
6.0,874.0
5.7,215.0
5.1,802.0
7.6,26.0
5.2,30.0
6.1,693.0
7.5,470.0
5.4,48.0
6.3,226.0
5.8,264.0
7.5,730.0
5.3,435.0
0.0,0.0
7.5,3805.0
7.1,417.0
6.7,113.0
6.7,1225.0
6.8,787.0
6.2,1423.0
6.0,2.0
6.2,18.0
4.9,223.0
6.0,1600.0
5.8,285.0
7.2,132.0
6.1,49.0
5.7,1147.0
6.2,253.0
5.9,126.0
6.9,137.0
5.3,62.0
7.3,1340.0
6.5,247.0
0.0,0.0
7.2,23.0
6.8,86.0
5.2,51.0
5.2,93.0
5.8,1293.0
5.1,270.0
6.6,301.0
6.7,728.0
7.0,370.0
7.9,4999.0
6.9,399.0
7.1,1396.0
5.6,5.0
6.0,2930.0
6.2,364.0
7.9,305.0
5.6,22.0
6.4,729.0
6.1,25.0
7.5,3856.0
5.8,267.0
7.3,301.0
6.3,669.0
6.0,17.0
0.0,0.0
4.5,200.0
5.6,20.0
6.9,60.0
8.1,7942.0
6.4,664.0
7.5,3726.0
5.7,70.0
5.8,720.0
6.2,174.0
6.3,35.0
0.0,0.0
6.2,1699.0
6.8,255.0
7.4,197.0
6.0,3772.0
7.4,296.0
7.9,14.0
6.5,31.0
6.6,161.0
5.2,27.0
5.4,174.0
6.1,1485.0
6.3,1364.0
4.7,178.0
6.2,294.0
4.6,240.0
5.9,45.0
5.5,265.0
0.0,0.0
4.9,184.0
7.9,622.0
6.5,10.0
5.7,576.0
6.8,1407.0
6.8,18.0
6.2,932.0
7.3,2144.0
6.6,266.0
4.7,34.0
0.0,0.0
6.7,1786.0
6.4,575.0
6.1,544.0
6.1,833.0
5.0,2.0
7.2,10147.0
6.4,428.0
5.8,8.0
5.5,17.0
5.1,6.0
0.0,0.0
5.9,173.0
5.4,267.0
6.7,157.0
5.5,2.0
4.6,33.0
6.5,199.0
6.2,68.0
5.3,31.0
6.5,223.0
6.9,574.0
6.6,30.0
6.6,3668.0
6.1,25.0
7.8,950.0
6.1,371.0
5.8,348.0
6.2,237.0
6.2,41.0
5.6,48.0
5.6,132.0
5.7,413.0
8.0,17.0
6.7,3082.0
7.9,214.0
6.1,578.0
6.0,311.0
6.9,121.0
6.9,114.0
6.6,211.0
5.3,204.0
6.3,672.0
7.1,1065.0
4.8,506.0
8.1,652.0
7.2,1423.0
5.1,159.0
5.7,472.0
7.1,587.0
6.7,549.0
6.6,11.0
7.9,6262.0
7.3,12180.0
7.1,1289.0
6.0,251.0
7.9,24.0
7.0,2118.0
7.6,560.0
7.4,32.0
6.2,248.0
6.2,1158.0
4.2,381.0
5.9,343.0
6.0,1083.0
6.5,84.0
7.6,109.0
5.8,88.0
6.0,1929.0
6.2,124.0
6.3,178.0
5.0,5.0
7.0,2272.0
7.8,5234.0
0.0,0.0
5.9,1662.0
7.5,946.0
5.2,693.0
8.3,12181.0
6.4,23.0
3.9,17.0
6.8,584.0
6.0,136.0
5.9,1371.0
7.4,20.0
6.8,1843.0
6.7,4903.0
5.9,1140.0
5.7,133.0
7.0,178.0
7.7,173.0
7.0,269.0
5.4,125.0
7.2,1164.0
7.0,102.0
5.6,15.0
7.8,689.0
6.7,3928.0
6.4,1779.0
7.2,9.0
6.4,31.0
7.0,133.0
5.5,599.0
5.5,295.0
6.3,44.0
7.2,3190.0
6.1,577.0
6.3,779.0
0.0,0.0
6.4,1764.0
6.7,199.0
6.4,560.0
5.6,137.0
6.8,354.0
5.9,20.0
5.5,66.0
6.6,510.0
6.7,331.0
7.0,2913.0
0.0,0.0
8.1,340.0
9.0,2.0
5.9,1820.0
6.2,10.0
7.0,177.0
4.5,4.0
4.1,4.0
7.4,1779.0
7.4,1001.0
6.8,486.0
5.4,34.0
6.8,393.0
7.6,3374.0
0.0,0.0
5.9,1474.0
6.8,3058.0
5.7,209.0
6.8,1592.0
7.5,3807.0
6.6,194.0
6.5,204.0
6.5,60.0
6.9,31.0
5.9,57.0
0.0,0.0
6.8,212.0
8.3,1151.0
7.5,2342.0
5.6,279.0
7.4,305.0
6.7,65.0
7.1,14.0
5.6,613.0
7.0,542.0
7.8,273.0
0.0,0.0
7.8,57.0
6.7,333.0
6.2,1219.0
4.6,558.0
7.7,1142.0
6.8,101.0
6.2,116.0
6.9,400.0
6.8,20.0
7.0,777.0
0.0,0.0
5.5,368.0
5.7,5441.0
7.7,217.0
7.1,1901.0
3.8,39.0
6.5,1284.0
6.8,8.0
6.7,140.0
7.4,642.0
7.4,1195.0
0.0,0.0
4.5,18.0
8.3,377.0
6.8,393.0
6.4,685.0
5.9,240.0
7.0,55.0
6.9,1228.0
7.4,677.0
6.0,99.0
6.7,13.0
0.0,0.0
7.0,513.0
6.3,345.0
6.6,326.0
6.7,176.0
7.3,745.0
5.7,813.0
7.9,7874.0
5.9,151.0
6.7,606.0
5.0,818.0
0.0,0.0
4.9,73.0
7.6,7524.0
5.5,93.0
6.0,122.0
6.1,300.0
7.4,109.0
6.1,46.0
6.7,691.0
6.3,336.0
5.1,491.0
0.0,0.0
6.4,3693.0
6.5,30.0
6.3,330.0
7.3,565.0
6.4,4242.0
7.2,1293.0
6.1,179.0
5.3,1325.0
6.9,10816.0
7.2,136.0
0.0,0.0
4.7,85.0
5.8,60.0
7.2,7262.0
6.2,41.0
5.0,137.0
6.2,737.0
6.6,495.0
6.5,208.0
6.1,31.0
5.9,56.0
0.0,0.0
7.6,863.0
6.2,913.0
6.8,666.0
6.2,2560.0
6.4,4197.0
7.9,31.0
6.4,534.0
8.3,2809.0
7.3,38.0
6.2,132.0
0.0,0.0
7.5,51.0
6.6,439.0
6.5,21.0
6.9,961.0
6.7,139.0
6.8,45.0
6.6,377.0
6.1,59.0
6.5,62.0
6.3,271.0
5.2,450.0
7.5,162.0
7.0,38.0
5.6,92.0
5.8,25.0
5.8,5025.0
6.4,1648.0
7.2,105.0
6.2,2105.0
5.9,15.0
6.3,1749.0
7.7,253.0
7.7,308.0
7.3,325.0
7.4,536.0
7.7,9738.0
5.0,538.0
7.0,144.0
6.2,21.0
7.1,2366.0
0.0,0.0
6.4,153.0
5.0,6.0
7.0,614.0
4.6,275.0
6.6,620.0
7.6,526.0
6.1,135.0
6.4,1198.0
6.7,80.0
6.0,733.0
5.9,314.0
6.4,1678.0
8.8,2.0
5.9,787.0
0.0,0.0
7.1,41.0
6.8,63.0
5.6,551.0
5.3,207.0
6.7,449.0
7.2,1097.0
5.9,844.0
8.1,1656.0
6.7,8915.0
5.8,34.0
0.0,0.0
6.6,244.0
7.1,3419.0
6.4,150.0
5.3,73.0
6.6,755.0
7.0,46.0
6.1,72.0
7.0,1.0
5.7,383.0
7.2,27.0
0.0,0.0
5.8,2692.0
7.4,4084.0
6.8,1291.0
6.0,582.0
5.9,83.0
7.7,6717.0
5.7,50.0
6.2,65.0
5.6,9.0
6.3,1631.0
5.4,36.0
7.5,112.0
7.4,330.0
7.2,182.0
7.3,3963.0
5.4,913.0
4.8,43.0
7.3,2281.0
5.6,561.0
7.5,73.0
0.0,0.0
5.8,69.0
6.3,2645.0
6.7,1758.0
6.2,289.0
5.8,45.0
7.2,2279.0
5.8,571.0
6.1,602.0
6.7,567.0
7.5,178.0
0.0,0.0
5.9,3768.0
7.1,2770.0
6.2,46.0
6.8,2163.0
6.5,120.0
5.8,646.0
7.1,1452.0
6.5,1269.0
5.6,27.0
5.8,827.0
0.0,0.0
5.7,203.0
7.0,86.0
6.1,571.0
6.4,40.0
5.9,938.0
7.7,1356.0
6.4,376.0
7.3,77.0
3.6,184.0
6.6,15.0
0.0,0.0
6.7,279.0
7.6,11872.0
5.6,695.0
5.8,657.0
5.3,11.0
6.2,203.0
7.4,14134.0
6.2,167.0
5.5,42.0
7.6,111.0
0.0,0.0
5.9,14.0
5.6,123.0
7.2,455.0
7.3,2803.0
6.6,843.0
5.7,39.0
6.8,58.0
8.3,1690.0
7.5,990.0
4.0,31.0
0.0,0.0
6.0,86.0
5.4,15.0
7.1,32.0
5.8,55.0
7.2,7305.0
6.1,186.0
7.1,330.0
5.8,81.0
6.4,2614.0
8.0,3.0
0.0,0.0
6.1,27.0
6.7,211.0
7.1,29.0
6.1,24.0
7.5,1078.0
6.5,435.0
6.1,146.0
5.9,141.0
7.1,20.0
5.7,206.0
6.1,2368.0
6.6,348.0
6.6,48.0
6.0,654.0
4.2,38.0
5.7,1006.0
6.0,209.0
6.6,8480.0
4.8,1983.0
6.5,2237.0
6.0,13.0
6.6,184.0
6.3,5.0
7.3,1111.0
6.3,1116.0
5.0,55.0
5.6,25.0
0.0,0.0
7.3,22.0
6.4,175.0
6.1,396.0
6.8,32.0
6.8,2140.0
7.0,524.0
5.6,98.0
7.2,50.0
5.0,448.0
7.7,33.0
0.0,0.0
5.8,31.0
6.0,1147.0
7.4,1882.0
7.7,13642.0
7.3,565.0
6.6,261.0
5.5,335.0
6.7,92.0
7.2,56.0
5.9,418.0
6.6,380.0
7.0,498.0
7.4,243.0
6.9,309.0
5.0,40.0
6.8,19.0
5.5,20.0
5.7,58.0
5.2,401.0
6.9,781.0
0.0,0.0
5.8,32.0
5.9,137.0
6.2,810.0
5.6,3341.0
4.5,114.0
6.7,408.0
5.2,557.0
7.5,2.0
6.5,1634.0
5.5,3042.0
0.0,0.0
6.4,33.0
7.9,17.0
6.3,191.0
6.3,79.0
6.9,19.0
6.8,139.0
7.0,7957.0
6.9,1342.0
6.0,162.0
6.3,84.0
0.0,0.0
6.1,3048.0
5.9,11.0
6.4,1551.0
5.9,40.0
4.5,17.0
5.4,143.0
0.0,0.0
5.7,1061.0
6.2,353.0
6.6,21.0
0.0,0.0
4.7,80.0
7.2,4461.0
6.5,324.0
6.5,525.0
7.6,10237.0
6.6,2851.0
5.6,53.0
8.0,275.0
5.9,255.0
7.0,575.0
0.0,0.0
5.1,1680.0
6.1,4552.0
5.7,22.0
7.5,5738.0
7.7,735.0
7.4,2628.0
6.7,1082.0
5.4,215.0
6.6,444.0
6.2,277.0
0.0,0.0
4.9,8.0
5.3,635.0
6.6,39.0
6.1,186.0
6.4,719.0
5.8,1837.0
5.5,4.0
6.3,32.0
6.5,805.0
7.6,1326.0
0.0,0.0
7.7,199.0
5.9,34.0
7.7,117.0
6.8,341.0
6.2,176.0
6.0,115.0
6.6,334.0
7.4,4665.0
5.8,1096.0
7.9,206.0
0.0,0.0
6.4,428.0
6.7,314.0
7.0,175.0
7.3,346.0
6.7,1550.0
3.8,5.0
0.0,0.0
5.9,405.0
7.5,911.0
5.8,1700.0
0.0,0.0
7.3,4121.0
7.4,269.0
5.8,227.0
6.2,18.0
6.7,1256.0
6.2,1112.0
6.8,6591.0
5.2,376.0
7.0,5.0
6.6,1037.0
5.7,66.0
5.8,98.0
7.8,2073.0
5.5,165.0
6.9,1824.0
6.5,37.0
3.9,11.0
7.1,788.0
6.9,593.0
7.9,491.0
7.3,380.0
6.1,251.0
7.4,281.0
6.5,181.0
6.3,84.0
6.4,243.0
0.0,0.0
5.9,80.0
6.4,135.0
5.9,1566.0
6.5,3426.0
6.1,11.0
6.5,59.0
6.7,584.0
5.6,37.0
7.1,618.0
6.9,643.0
0.0,0.0
5.8,378.0
6.4,59.0
6.1,130.0
2.7,3.0
6.8,297.0
5.0,88.0
6.0,62.0
5.8,1491.0
7.4,738.0
6.4,739.0
0.0,0.0
6.5,41.0
4.6,9.0
7.0,5581.0
4.8,144.0
6.7,3379.0
6.6,904.0
6.7,140.0
5.9,20.0
8.0,273.0
6.7,219.0
0.0,0.0
8.0,4709.0
4.9,138.0
5.5,53.0
6.0,508.0
6.0,177.0
5.2,91.0
6.6,1226.0
6.9,496.0
5.6,427.0
7.1,2243.0
0.0,0.0
5.6,373.0
7.4,8.0
5.7,3.0
4.9,4.0
6.3,494.0
7.2,197.0
7.2,356.0
7.6,7846.0
5.0,35.0
5.7,6.0
0.0,0.0
7.0,2479.0
6.8,1913.0
6.5,210.0
5.9,62.0
6.0,1971.0
6.2,90.0
4.4,10.0
6.4,8.0
6.6,90.0
6.7,496.0
0.0,0.0
7.1,113.0
6.3,41.0
6.0,839.0
5.3,1520.0
6.4,1165.0
5.8,10.0
6.8,435.0
5.3,482.0
6.5,895.0
5.9,517.0
0.0,0.0
6.9,399.0
5.9,1454.0
6.6,314.0
6.8,1641.0
6.9,851.0
6.5,753.0
6.8,312.0
6.2,2728.0
5.9,2346.0
6.3,714.0
0.0,0.0
5.1,246.0
7.3,1637.0
6.1,36.0
6.8,306.0
7.1,471.0
6.8,3163.0
7.5,616.0
3.2,62.0
4.6,195.0
7.0,84.0
0.0,0.0
5.4,135.0
6.5,417.0
8.4,7058.0
7.0,33.0
6.4,308.0
8.1,2452.0
4.8,323.0
5.2,481.0
5.7,14.0
6.7,401.0
0.0,0.0
7.1,175.0
7.4,832.0
6.7,6409.0
7.2,327.0
6.8,70.0
5.9,211.0
6.9,522.0
7.3,41.0
6.8,67.0
5.9,3022.0
7.2,4400.0
6.6,214.0
8.0,301.0
6.5,141.0
5.6,16.0
6.3,380.0
7.1,51.0
6.8,146.0
5.4,147.0
6.7,10.0
7.2,2821.0
6.7,121.0
5.2,208.0
5.9,342.0
5.7,162.0
5.9,1150.0
7.2,292.0
7.1,662.0
6.3,691.0
7.2,6.0
0.0,0.0
5.1,156.0
6.0,3117.0
7.4,6086.0
5.2,300.0
7.6,7062.0
7.0,56.0
6.5,11.0
7.2,78.0
7.3,163.0
4.5,2.0
6.8,21.0
6.7,2881.0
6.9,426.0
4.6,107.0
5.0,141.0
6.4,1147.0
7.2,639.0
3.6,29.0
6.1,187.0
5.9,81.0
6.6,170.0
5.1,1051.0
6.4,21.0
6.3,536.0
6.4,101.0
7.1,1282.0
4.0,240.0
3.7,400.0
7.3,2858.0
7.8,4627.0
6.0,1350.0
6.9,82.0
7.0,134.0
6.8,33.0
6.5,147.0
6.0,269.0
6.1,28.0
6.6,3184.0
6.7,175.0
5.6,143.0
6.0,633.0
5.7,46.0
5.9,3935.0
4.2,635.0
6.2,2594.0
5.6,14.0
5.0,239.0
6.2,14.0
6.4,488.0
5.9,2793.0
5.9,2653.0
6.3,3555.0
5.7,11.0
5.4,60.0
7.4,1287.0
6.1,433.0
6.9,571.0
4.0,63.0
5.5,567.0
6.9,292.0
4.7,16.0
6.8,538.0
5.0,131.0
7.2,9344.0
6.6,2774.0
6.5,25.0
7.4,1897.0
7.1,1904.0
6.6,1255.0
6.5,3424.0
6.2,76.0
6.0,1088.0
7.1,229.0
5.3,6.0
7.3,10.0
3.7,8.0
5.9,405.0
4.5,13.0
6.2,13.0
6.2,162.0
7.2,772.0
7.4,409.0
5.1,28.0
5.2,86.0
6.6,401.0
7.5,53.0
6.2,278.0
5.8,111.0
6.2,203.0
6.7,22.0
6.1,3253.0
5.2,25.0
0.0,0.0
6.5,169.0
6.8,204.0
6.1,314.0
6.5,110.0
3.8,3.0
5.6,140.0
5.3,27.0
8.0,165.0
6.9,848.0
6.1,126.0
6.1,68.0
6.6,125.0
6.3,1203.0
6.5,348.0
7.0,121.0
5.7,348.0
6.8,286.0
4.8,27.0
6.9,112.0
6.1,267.0
6.3,1085.0
5.8,106.0
4.3,514.0
4.7,274.0
2.9,7.0
5.4,170.0
6.1,21.0
6.3,4024.0
6.3,36.0
6.6,110.0
8.0,439.0
7.6,536.0
6.9,1364.0
6.5,459.0
6.4,64.0
5.9,42.0
7.9,10139.0
5.5,44.0
7.6,161.0
7.2,1787.0
5.9,1243.0
5.2,304.0
8.0,1424.0
5.1,390.0
8.2,10.0
6.4,96.0
6.3,1256.0
6.1,5000.0
5.7,2007.0
6.5,231.0
6.0,14.0
4.8,24.0
6.7,757.0
6.9,357.0
6.1,678.0
5.7,3.0
6.5,44.0
6.8,12.0
7.2,201.0
6.0,4839.0
0.0,0.0
5.5,1850.0
1.0,1.0
6.3,74.0
6.8,208.0
6.1,218.0
5.1,14.0
5.5,963.0
7.1,2353.0
6.8,103.0
5.2,81.0
4.4,4.0
7.4,2249.0
7.7,299.0
5.3,858.0
5.9,133.0
6.4,428.0
6.7,15.0
4.9,232.0
5.1,94.0
6.9,2438.0
5.7,786.0
7.6,1275.0
5.9,60.0
5.3,44.0
6.6,185.0
5.1,335.0
3.3,34.0
7.6,454.0
6.3,1051.0
6.3,6.0
7.4,535.0
4.3,128.0
5.9,664.0
7.1,284.0
5.8,19.0
7.0,100.0
4.9,177.0
6.4,113.0
7.2,322.0
5.3,546.0
6.7,263.0
6.6,1072.0
6.5,269.0
6.7,2388.0
5.9,129.0
7.2,118.0
8.3,17.0
8.2,1514.0
6.6,274.0
5.9,764.0
5.6,318.0
6.3,458.0
5.9,140.0
0.0,0.0
8.0,1.0
7.5,1372.0
7.1,774.0
7.8,576.0
7.3,7571.0
6.0,410.0
6.2,4521.0
7.5,604.0
6.1,1187.0
7.0,586.0
5.9,342.0
7.1,4123.0
6.6,1836.0
6.4,1891.0
7.1,677.0
6.2,466.0
6.2,6.0
6.2,1614.0
6.4,18.0
7.1,1856.0
4.2,73.0
7.9,105.0
7.4,884.0
6.7,1741.0
6.9,4525.0
6.9,40.0
6.6,582.0
7.8,642.0
5.6,66.0
6.9,644.0
6.0,32.0
6.3,17.0
4.0,19.0
8.0,172.0
7.3,569.0
5.2,224.0
6.3,119.0
5.5,2287.0
5.7,494.0
5.8,272.0
5.5,1127.0
6.2,217.0
6.9,279.0
7.6,2999.0
6.5,1936.0
7.7,371.0
5.5,3.0
6.8,667.0
1.3,4.0
7.4,468.0
6.2,82.0
6.1,1946.0
5.5,145.0
6.3,852.0
5.3,455.0
5.5,100.0
7.1,739.0
5.9,259.0
6.3,26.0
4.7,13.0
6.8,285.0
5.4,179.0
6.8,805.0
5.9,166.0
8.1,5275.0
7.1,17.0
6.9,283.0
4.5,46.0
8.0,32.0
7.0,38.0
6.0,42.0
6.7,796.0
7.1,2608.0
6.8,126.0
7.0,1293.0
0.0,0.0
4.5,35.0
6.2,344.0
5.9,4472.0
6.0,1290.0
6.7,61.0
6.9,142.0
6.4,40.0
7.6,1017.0
6.0,812.0
0.0,0.0
7.0,304.0
5.9,119.0
7.1,890.0
6.1,4094.0
4.4,235.0
7.2,46.0
8.4,1004.0
6.2,743.0
5.2,831.0
6.5,946.0
7.5,2720.0
7.6,333.0
6.1,73.0
6.1,17.0
6.2,10.0
5.4,21.0
6.5,52.0
6.9,79.0
6.2,2521.0
2.9,167.0
5.4,744.0
4.5,22.0
5.6,2015.0
5.3,264.0
5.7,2273.0
6.2,411.0
6.5,2773.0
7.5,624.0
6.3,580.0
5.2,3.0
7.4,85.0
5.7,1167.0
7.1,18.0
5.9,131.0
6.7,44.0
6.3,510.0
6.0,516.0
7.9,9901.0
6.0,1029.0
5.5,54.0
5.8,1113.0
7.4,4083.0
6.8,1986.0
5.7,397.0
7.0,5.0
7.5,486.0
6.0,32.0
5.1,4028.0
7.3,4.0
6.7,118.0
5.6,4340.0
6.6,411.0
6.2,320.0
4.7,89.0
6.7,453.0
6.8,21.0
5.6,234.0
5.8,1057.0
7.2,2048.0
5.6,28.0
4.6,7.0
7.1,112.0
7.3,946.0
6.7,181.0
6.4,775.0
7.1,95.0
6.2,862.0
6.3,8.0
6.4,230.0
6.1,105.0
5.8,229.0
6.2,984.0
6.7,118.0
5.4,978.0
5.7,7.0
5.4,22.0
7.7,5415.0
6.4,10.0
7.4,682.0
7.4,207.0
4.3,29.0
0.0,0.0
6.8,460.0
6.0,1540.0
6.3,751.0
5.2,325.0
6.2,64.0
6.3,180.0
7.5,226.0
7.3,1269.0
6.9,2714.0
7.3,4525.0
6.8,5.0
6.7,225.0
4.9,61.0
5.6,519.0
7.1,2642.0
6.2,818.0
7.1,139.0
6.2,65.0
5.9,90.0
4.9,91.0
7.4,3377.0
6.2,28.0
7.1,7378.0
7.3,180.0
7.4,387.0
7.7,6.0
5.5,43.0
7.2,220.0
5.8,203.0
5.4,228.0
7.2,5022.0
4.6,351.0
6.2,587.0
6.2,82.0
6.2,214.0
6.3,687.0
7.7,199.0
6.7,980.0
5.7,557.0
7.3,1212.0
6.1,758.0
5.5,850.0
6.2,6323.0
5.6,7.0
5.0,121.0
6.2,3661.0
5.8,11.0
5.7,364.0
6.1,58.0
7.5,451.0
6.5,151.0
6.1,119.0
6.3,2724.0
6.5,54.0
0.0,0.0
5.9,561.0
7.0,934.0
7.4,887.0
5.5,370.0
7.3,5333.0
6.3,45.0
6.7,140.0
6.8,6.0
7.1,515.0
6.0,550.0
6.1,15.0
6.0,2.0
7.9,171.0
7.5,3705.0
6.1,1981.0
6.2,123.0
5.6,38.0
7.5,729.0
6.7,3.0
6.0,3172.0
7.5,2378.0
5.9,27.0
6.5,365.0
7.1,1950.0
4.5,108.0
6.7,84.0
6.0,288.0
6.0,108.0
5.8,396.0
7.6,105.0
6.6,184.0
6.2,1519.0
6.6,6226.0
7.0,122.0
6.1,87.0
6.5,973.0
7.5,6563.0
6.0,1.0
7.4,381.0
8.2,664.0
6.4,177.0
6.2,31.0
6.3,42.0
5.7,20.0
7.4,160.0
6.4,143.0
6.0,302.0
6.0,30.0
5.9,45.0
8.0,1816.0
6.7,117.0
6.0,19.0
6.2,486.0
0.0,0.0
8.3,5625.0
7.5,1093.0
8.1,763.0
7.9,143.0
5.2,168.0
6.7,1042.0
6.4,668.0
4.8,816.0
8.4,18491.0
6.8,932.0
6.3,94.0
7.1,19.0
6.2,556.0
6.1,608.0
6.3,2111.0
7.9,207.0
6.1,57.0
6.0,102.0
3.8,6.0
0.0,0.0
6.2,864.0
7.3,170.0
7.3,27.0
6.5,875.0
6.7,16.0
6.3,57.0
7.9,3755.0
5.1,11.0
6.3,107.0
7.3,50.0
7.4,7765.0
7.2,899.0
6.3,70.0
6.7,1486.0
6.6,1821.0
7.0,217.0
6.7,58.0
7.0,20.0
6.6,23.0
5.9,1827.0
7.4,16.0
7.9,468.0
5.6,141.0
5.1,437.0
5.6,275.0
6.7,416.0
5.4,368.0
6.6,604.0
6.3,857.0
5.9,13.0
7.0,5121.0
7.4,220.0
5.8,3330.0
7.0,203.0
7.6,138.0
6.5,555.0
4.7,311.0
6.3,1643.0
4.4,3752.0
7.1,549.0
5.4,749.0
6.1,178.0
5.7,290.0
6.5,687.0
6.7,57.0
6.2,93.0
6.2,12.0
4.6,14.0
6.0,645.0
7.4,5307.0
7.8,8761.0
5.9,185.0
6.9,83.0
5.8,120.0
6.3,537.0
6.3,15.0
4.3,45.0
5.8,417.0
4.1,469.0
7.3,2272.0
7.5,6640.0
5.5,18.0
7.2,137.0
5.5,11.0
7.4,276.0
7.2,80.0
6.2,556.0
5.9,559.0
6.8,18.0
6.5,59.0
5.0,5.0
5.9,18.0
6.0,2.0
6.9,60.0
6.1,3565.0
0.0,0.0
7.3,6385.0
7.3,922.0
8.2,794.0
7.9,886.0
7.4,158.0
7.2,10.0
4.9,17.0
5.0,679.0
6.4,118.0
6.2,33.0
4.9,9.0
7.2,5797.0
4.5,589.0
6.6,1398.0
6.9,929.0
5.1,5.0
6.5,63.0
5.5,768.0
7.5,3910.0
7.6,1841.0
7.4,270.0
5.8,579.0
7.8,11982.0
7.7,1783.0
7.0,3.0
5.3,9.0
6.1,68.0
8.1,7376.0
7.5,1804.0
6.3,145.0
7.3,440.0
0.0,0.0
7.9,112.0
6.8,261.0
6.9,1074.0
7.6,3827.0
5.9,744.0
6.2,257.0
7.0,864.0
5.0,1.0
4.0,20.0
6.6,670.0
6.0,11.0
8.1,471.0
5.6,237.0
6.2,133.0
7.5,1519.0
7.6,55.0
5.9,811.0
6.2,57.0
6.0,3437.0
6.5,96.0
0.0,0.0
4.3,3.0
7.0,972.0
6.7,34.0
6.4,15.0
6.5,7008.0
4.3,5.0
6.7,48.0
8.0,5.0
6.9,208.0
5.9,155.0
6.4,57.0
5.3,153.0
6.1,324.0
7.5,17.0
6.1,487.0
6.3,180.0
5.9,937.0
3.0,8.0
7.2,503.0
7.1,76.0
0.0,0.0
6.3,139.0
5.9,599.0
6.1,486.0
6.2,4382.0
4.4,7.0
5.4,2021.0
5.0,151.0
6.2,69.0
6.7,25.0
4.7,18.0
0.0,0.0
6.7,93.0
3.8,2.0
7.7,594.0
6.6,29.0
6.8,321.0
4.6,198.0
6.9,94.0
7.4,154.0
7.2,2162.0
7.2,1541.0
0.0,0.0
7.8,288.0
6.4,64.0
6.8,138.0
5.9,44.0
7.7,10539.0
5.3,1154.0
6.4,188.0
5.7,1194.0
7.1,4472.0
5.5,4276.0
0.0,0.0
7.7,11901.0
6.4,143.0
5.6,24.0
6.4,2027.0
7.3,171.0
6.1,115.0
4.8,3.0
5.9,602.0
6.3,88.0
6.6,684.0
0.0,0.0
6.8,4374.0
6.4,5693.0
6.0,14.0
6.1,25.0
6.5,586.0
5.0,157.0
7.2,184.0
7.4,1750.0
7.3,348.0
6.4,30.0
0.0,0.0
4.9,6.0
7.5,2.0
4.8,520.0
6.3,189.0
6.8,33.0
7.1,209.0
6.6,2286.0
7.1,437.0
6.7,40.0
4.6,14.0
0.0,0.0
7.0,2.0
6.1,1796.0
6.0,18.0
5.7,278.0
5.7,37.0
6.6,521.0
5.4,1032.0
6.2,831.0
6.0,174.0
5.9,2531.0
0.0,0.0
7.2,533.0
6.8,74.0
5.9,77.0
5.6,63.0
7.3,2919.0
6.4,9.0
7.0,103.0
6.1,91.0
6.5,1419.0
5.2,731.0
0.0,0.0
4.4,5.0
6.3,980.0
4.8,4.0
6.5,801.0
6.5,86.0
6.0,1868.0
0.0,0.0
7.3,2585.0
5.7,105.0
6.7,595.0
5.4,2291.0
4.5,315.0
6.7,1673.0
5.3,284.0
5.9,166.0
6.5,472.0
5.4,176.0
0.0,0.0
6.0,198.0
5.6,29.0
5.6,450.0
5.5,208.0
6.4,75.0
7.3,611.0
7.0,44.0
5.7,23.0
5.4,97.0
5.2,1008.0
6.7,219.0
5.9,28.0
6.8,289.0
6.5,131.0
7.4,1548.0
7.1,39.0
5.5,1386.0
6.1,4.0
3.7,23.0
7.0,523.0
0.0,0.0
7.2,277.0
6.6,417.0
6.0,9.0
7.1,217.0
6.6,364.0
6.6,152.0
6.4,1960.0
6.0,519.0
5.4,636.0
5.3,24.0
6.3,6033.0
7.3,870.0
7.4,110.0
6.6,15.0
6.4,921.0
6.9,11.0
5.7,226.0
7.7,1867.0
6.1,314.0
6.2,33.0
0.0,0.0
6.5,45.0
6.5,3390.0
7.9,44.0
6.3,3052.0
7.5,166.0
5.8,111.0
7.1,31.0
5.9,443.0
5.9,92.0
7.2,15.0
0.0,0.0
6.2,396.0
6.8,3845.0
7.0,1523.0
5.2,186.0
5.8,679.0
7.4,1326.0
5.6,5.0
4.4,55.0
6.3,1319.0
4.6,261.0
0.0,0.0
6.4,46.0
7.2,990.0
7.3,41.0
7.1,53.0
4.9,9.0
5.9,16.0
5.7,567.0
5.6,2178.0
7.1,16.0
7.9,12033.0
0.0,0.0
8.7,12821.0
6.2,370.0
7.9,17346.0
5.6,490.0
6.1,98.0
7.7,590.0
6.3,1430.0
7.1,395.0
5.9,1391.0
6.8,984.0
0.0,0.0
7.4,10.0
7.9,1781.0
5.9,660.0
7.5,1354.0
6.6,9.0
6.5,46.0
6.6,714.0
6.3,537.0
6.7,4155.0
7.4,2751.0
0.0,0.0
7.1,941.0
6.2,90.0
7.2,202.0
5.8,167.0
6.0,2071.0
5.6,210.0
6.8,3186.0
6.9,840.0
6.8,12.0
6.0,271.0
0.0,0.0
7.6,3012.0
7.5,822.0
7.0,30.0
5.8,129.0
5.0,12.0
7.0,176.0
6.8,2441.0
6.4,2428.0
5.1,34.0
5.7,1167.0
0.0,0.0
6.0,387.0
5.8,1386.0
7.3,4264.0
6.0,201.0
6.4,171.0
6.2,3507.0
7.7,983.0
7.7,2221.0
6.2,55.0
4.0,59.0
0.0,0.0
5.8,185.0
7.4,470.0
5.7,515.0
7.0,12.0
5.7,245.0
6.1,7.0
5.4,19.0
7.2,610.0
3.0,2.0
6.2,1039.0
6.7,328.0
4.8,41.0
7.2,31.0
7.0,335.0
6.1,75.0
0.0,0.0
6.4,1707.0
6.3,63.0
5.4,183.0
4.1,23.0
6.1,654.0
5.0,25.0
5.4,388.0
7.3,56.0
5.5,2.0
6.4,14.0
7.7,12043.0
7.6,194.0
6.3,1204.0
7.8,1404.0
5.9,38.0
6.8,3576.0
6.5,3011.0
5.6,19.0
6.5,211.0
7.7,397.0
0.0,0.0
5.6,1202.0
8.0,71.0
7.6,27.0
6.2,1414.0
6.4,230.0
6.6,400.0
6.0,1083.0
5.8,859.0
7.0,522.0
5.0,4.0
6.3,98.0
6.3,16.0
7.5,892.0
6.2,4020.0
5.7,70.0
6.9,576.0
6.0,1519.0
4.3,759.0
7.7,11972.0
5.2,785.0
0.0,0.0
6.0,10.0
4.7,1447.0
6.7,1139.0
5.9,1608.0
6.2,199.0
6.1,2972.0
6.4,8343.0
4.9,336.0
6.3,168.0
6.2,362.0
0.0,0.0
6.6,50.0
7.3,4373.0
7.5,777.0
4.5,292.0
6.4,5.0
6.3,147.0
7.2,49.0
7.7,1682.0
5.4,302.0
5.6,769.0
0.0,0.0
6.4,362.0
5.7,114.0
3.4,9.0
3.1,16.0
4.7,212.0
5.4,880.0
7.9,2762.0
7.2,1298.0
6.2,1066.0
5.5,1039.0
0.0,0.0
6.6,90.0
3.8,180.0
6.5,2655.0
6.4,741.0
5.5,443.0
6.1,4985.0
6.5,303.0
7.1,119.0
6.9,2775.0
6.6,12.0
0.0,0.0
6.2,369.0
7.8,38.0
5.1,312.0
7.2,488.0
4.9,284.0
7.3,1546.0
7.0,486.0
7.7,2934.0
5.7,485.0
6.2,392.0
0.0,0.0
5.5,380.0
6.2,341.0
5.7,72.0
6.7,171.0
6.4,86.0
3.8,8.0
7.1,46.0
6.9,1349.0
6.7,660.0
6.9,160.0
6.4,1806.0
6.1,10.0
7.4,113.0
7.6,101.0
1.4,10.0
6.6,1464.0
6.8,3095.0
6.1,96.0
6.6,1280.0
7.3,85.0
0.0,0.0
7.3,1856.0
6.6,101.0
7.2,2813.0
5.2,73.0
7.1,8121.0
5.9,274.0
6.7,240.0
5.8,991.0
7.7,682.0
6.8,396.0
0.0,0.0
7.1,901.0
6.3,2209.0
6.8,879.0
7.0,422.0
7.4,298.0
6.4,92.0
8.0,1688.0
0.0,0.0
8.1,110.0
7.2,77.0
6.0,13.0
6.6,3779.0
7.5,923.0
5.9,6.0
7.5,11.0
5.9,438.0
6.4,92.0
5.4,781.0
4.9,21.0
7.3,201.0
8.3,422.0
6.9,5.0
6.4,53.0
5.8,131.0
6.4,951.0
5.6,301.0
6.9,2497.0
6.7,247.0
0.0,0.0
6.4,1463.0
6.4,234.0
6.3,1812.0
6.5,3332.0
7.2,263.0
6.5,161.0
5.4,62.0
6.1,1119.0
7.1,124.0
6.7,1338.0
0.0,0.0
6.5,38.0
7.0,679.0
5.5,1115.0
5.9,91.0
5.8,28.0
5.9,39.0
5.9,801.0
6.6,72.0
5.8,992.0
6.0,2.0
6.3,1952.0
6.4,72.0
7.3,688.0
6.1,2554.0
7.2,769.0
7.2,130.0
5.2,136.0
7.2,298.0
5.9,2543.0
6.3,338.0
0.0,0.0
7.8,572.0
4.3,224.0
6.7,32.0
5.9,335.0
5.3,53.0
6.4,368.0
6.6,54.0
6.6,489.0
7.2,233.0
5.9,1564.0
0.0,0.0
6.5,39.0
4.7,66.0
6.6,871.0
4.1,91.0
6.4,5.0
5.5,2625.0
1.0,1.0
4.7,3.0
7.1,4767.0
6.3,1691.0
0.0,0.0
8.0,9080.0
7.5,599.0
5.8,15.0
0.0,0.0
8.0,815.0
6.8,1616.0
5.6,972.0
7.8,214.0
5.1,41.0
6.2,24.0
0.0,0.0
6.5,455.0
5.8,348.0
7.4,167.0
6.4,882.0
6.6,261.0
6.6,430.0
6.4,234.0
7.3,601.0
7.0,99.0
5.5,523.0
0.0,0.0
6.4,41.0
6.1,4858.0
7.0,104.0
5.7,1550.0
6.9,891.0
7.6,19716.0
7.3,2903.0
5.1,417.0
7.2,26.0
5.7,297.0
0.0,0.0
5.8,350.0
6.6,893.0
5.0,75.0
7.7,173.0
5.3,121.0
6.4,114.0
8.4,15924.0
6.6,45.0
6.8,676.0
5.7,534.0
4.9,45.0
7.2,45.0
6.4,413.0
5.9,45.0
7.5,404.0
8.0,4575.0
6.1,35.0
7.6,3778.0
6.3,729.0
7.2,4731.0
0.0,0.0
7.6,121.0
4.6,59.0
8.4,5664.0
5.6,430.0
6.5,9564.0
6.2,30.0
3.7,9.0
6.3,129.0
5.9,154.0
4.9,52.0
0.0,0.0
5.8,1144.0
7.2,337.0
6.9,689.0
6.4,134.0
6.1,75.0
6.7,498.0
5.6,2376.0
7.3,6.0
6.6,1098.0
7.9,3793.0
5.5,159.0
5.2,913.0
0.0,0.0
6.7,807.0
5.2,5.0
5.1,231.0
6.8,639.0
6.5,166.0
7.0,148.0
6.9,73.0
6.0,4.0
6.7,551.0
6.8,189.0
6.6,4442.0
7.3,1124.0
8.4,304.0
4.9,21.0
6.7,969.0
7.8,129.0
7.1,19.0
5.7,1745.0
6.9,228.0
6.0,1174.0
0.0,0.0
6.9,524.0
5.2,6.0
7.0,61.0
4.9,675.0
5.7,1152.0
5.5,213.0
7.1,2314.0
4.5,137.0
7.4,3789.0
5.6,8.0
5.7,17.0
7.2,935.0
6.1,301.0
7.3,2720.0
5.4,838.0
6.6,8.0
6.2,61.0
7.1,385.0
5.0,1430.0
7.4,1572.0
5.7,693.0
6.2,222.0
3.8,210.0
7.1,61.0
4.5,16.0
6.6,4.0
5.8,1106.0
5.3,476.0
6.4,9.0
7.2,9.0
6.9,391.0
6.5,229.0
6.8,61.0
7.2,4011.0
6.3,97.0
6.0,165.0
5.1,90.0
6.9,70.0
6.9,103.0
6.3,1051.0
7.6,416.0
6.2,349.0
7.5,2184.0
6.2,147.0
5.5,846.0
6.0,4772.0
5.8,10.0
6.0,132.0
6.9,147.0
7.0,4053.0
5.7,320.0
5.7,208.0
8.0,220.0
5.8,297.0
6.8,312.0
5.2,98.0
6.2,2567.0
6.3,7551.0
5.3,45.0
5.9,259.0
6.4,911.0
6.4,1633.0
7.1,701.0
7.3,21.0
6.3,1077.0
6.5,172.0
7.8,1909.0
6.1,323.0
5.3,1182.0
6.1,238.0
0.0,0.0
5.6,652.0
5.0,38.0
5.0,480.0
6.7,3063.0
6.4,257.0
4.3,23.0
6.4,2216.0
6.2,2088.0
6.3,16.0
5.9,1240.0
6.2,179.0
6.3,60.0
7.0,1432.0
4.8,1131.0
8.0,234.0
7.3,95.0
5.6,3878.0
5.8,645.0
7.7,117.0
7.2,6223.0
5.6,185.0
5.1,65.0
6.1,4.0
6.3,32.0
7.5,303.0
6.6,5.0
7.8,464.0
6.0,190.0
7.5,2041.0
5.5,20.0
7.4,1076.0
5.4,241.0
5.3,110.0
7.1,807.0
6.0,359.0
5.7,55.0
5.4,24.0
6.7,1380.0
6.4,313.0
7.5,111.0
6.4,352.0
5.5,9.0
7.2,194.0
5.6,696.0
7.3,451.0
7.2,4836.0
6.7,423.0
6.8,193.0
5.2,976.0
5.5,1892.0
6.9,30.0
6.0,335.0
6.2,246.0
7.6,1295.0
5.8,83.0
5.6,18.0
6.0,620.0
7.2,526.0
7.5,3036.0
7.0,95.0
7.3,59.0
6.6,765.0
5.3,75.0
7.2,11841.0
6.6,20.0
5.6,180.0
6.6,2249.0
6.1,144.0
5.7,324.0
5.8,25.0
6.5,156.0
7.1,137.0
5.7,1266.0
6.6,840.0
6.2,69.0
6.4,481.0
6.9,1286.0
0.0,0.0
7.1,8691.0
7.1,410.0
7.5,450.0
6.7,248.0
5.7,370.0
6.7,2667.0
5.1,11.0
7.5,37.0
6.8,7.0
5.7,6.0
0.0,0.0
6.7,1927.0
6.1,263.0
5.0,50.0
7.0,951.0
7.0,7675.0
5.8,78.0
6.5,306.0
6.8,279.0
6.4,158.0
7.0,50.0
6.0,139.0
6.0,22.0
6.6,3117.0
5.8,136.0
5.9,91.0
7.0,516.0
7.2,382.0
8.1,120.0
7.7,50.0
5.9,17.0
8.0,1056.0
4.8,336.0
5.8,345.0
6.1,841.0
6.4,93.0
2.3,68.0
5.7,115.0
6.5,737.0
7.4,198.0
6.7,365.0
8.0,2950.0
5.7,430.0
7.8,92.0
6.4,399.0
5.2,113.0
4.1,87.0
6.8,34.0
6.1,203.0
5.4,20.0
5.7,220.0
5.6,10.0
6.8,1906.0
6.5,251.0
7.1,171.0
6.1,57.0
6.0,2308.0
4.9,26.0
5.9,28.0
6.4,834.0
4.6,28.0
6.9,235.0
6.8,568.0
7.4,36.0
7.1,652.0
6.6,1990.0
6.2,109.0
5.9,705.0
7.6,374.0
6.1,234.0
7.1,1662.0
7.6,8187.0
7.0,183.0
4.8,219.0
6.5,315.0
7.9,243.0
6.6,4028.0
7.5,8403.0
6.8,113.0
5.0,1022.0
5.4,1961.0
7.6,275.0
6.1,192.0
7.2,936.0
6.8,4440.0
5.5,447.0
4.4,470.0
6.3,10.0
5.4,22.0
5.3,1123.0
7.0,1.0
6.9,5061.0
5.3,438.0
6.3,276.0
5.5,19.0
5.8,1287.0
5.8,624.0
6.8,2401.0
5.7,6.0
5.9,23.0
6.9,5976.0
6.0,2061.0
5.0,19.0
7.1,207.0
7.2,112.0
8.4,1418.0
6.8,222.0
6.1,816.0
6.6,24.0
7.2,3511.0
5.8,122.0
6.3,34.0
6.4,116.0
6.5,344.0
5.2,711.0
7.0,2.0
5.0,886.0
7.2,851.0
6.7,164.0
6.6,1690.0
6.4,892.0
6.3,2159.0
6.9,3061.0
5.2,32.0
6.4,73.0
6.5,555.0
7.8,164.0
6.2,422.0
6.9,225.0
5.7,65.0
8.1,645.0
5.0,11.0
7.8,2134.0
0.0,0.0
4.9,83.0
7.7,123.0
6.5,815.0
7.2,210.0
5.2,183.0
3.8,4.0
6.6,165.0
7.7,1160.0
7.1,1100.0
6.2,589.0
6.1,158.0
7.3,1489.0
7.1,206.0
7.0,242.0
4.9,176.0
6.1,171.0
5.7,65.0
6.6,125.0
4.8,53.0
7.2,552.0
0.0,0.0
6.8,355.0
6.5,143.0
5.0,31.0
4.3,139.0
5.5,400.0
5.4,68.0
6.6,12.0
5.4,1591.0
6.2,75.0
5.8,41.0
7.0,602.0
6.3,343.0
6.4,86.0
5.4,533.0
4.8,13.0
6.4,240.0
5.9,302.0
5.6,1048.0
5.9,134.0
8.5,2.0
6.8,173.0
6.5,53.0
6.3,782.0
6.6,23.0
6.2,232.0
6.1,326.0
7.1,6.0
6.4,4217.0
7.4,554.0
6.1,3224.0
5.2,13.0
5.7,104.0
6.5,2941.0
5.6,98.0
4.5,169.0
6.4,6609.0
6.8,2433.0
7.7,10342.0
6.2,3570.0
6.2,143.0
7.2,1247.0
6.2,508.0
6.1,464.0
6.0,53.0
4.6,233.0
7.4,148.0
5.9,1257.0
6.1,392.0
8.2,3613.0
6.5,1067.0
7.3,137.0
7.0,794.0
6.5,194.0
6.0,144.0
7.3,832.0
6.4,333.0
6.7,7.0
3.5,2.0
7.0,73.0
0.0,0.0
5.9,91.0
5.3,97.0
5.3,3.0
8.4,1674.0
6.9,1769.0
6.0,1452.0
7.1,14.0
5.9,757.0
7.3,12801.0
7.0,338.0
6.2,876.0
6.2,588.0
6.8,256.0
6.0,94.0
6.3,606.0
4.8,226.0
6.3,1511.0
6.3,947.0
5.6,287.0
0.0,0.0
6.6,531.0
7.1,1040.0
7.1,424.0
4.4,10.0
6.2,83.0
6.7,3420.0
4.7,29.0
5.2,180.0
6.3,909.0
5.6,123.0
5.8,538.0
6.1,4126.0
6.8,2896.0
8.6,17.0
6.3,121.0
6.9,136.0
5.8,117.0
6.0,778.0
7.3,1674.0
4.6,7.0
7.7,11436.0
5.2,44.0
6.6,427.0
5.9,153.0
6.0,1122.0
6.7,92.0
7.6,2362.0
6.6,489.0
5.6,124.0
7.0,214.0
6.8,153.0
6.9,882.0
5.0,40.0
6.1,2453.0
5.8,32.0
4.9,112.0
5.9,207.0
5.0,104.0
6.6,6.0
6.0,614.0
6.9,832.0
6.1,27.0
6.7,431.0
5.9,643.0
6.8,480.0
4.7,79.0
7.4,132.0
5.0,215.0
5.4,20.0
4.0,43.0
7.0,605.0
6.8,658.0
6.5,714.0
5.5,57.0
6.3,44.0
6.5,1241.0
0.0,0.0
6.4,2117.0
6.9,453.0
5.9,336.0
6.3,219.0
6.3,2832.0
5.0,48.0
7.6,14.0
6.2,2423.0
6.8,614.0
6.9,371.0
0.0,0.0
6.6,491.0
6.8,392.0
6.5,480.0
7.1,94.0
5.8,94.0
7.2,645.0
8.1,640.0
7.1,51.0
6.7,7279.0
7.1,64.0
7.5,1147.0
5.8,1045.0
4.0,4.0
5.7,77.0
5.0,10.0
5.1,137.0
6.2,2897.0
6.0,4.0
6.3,43.0
7.1,1054.0
6.7,3010.0
6.8,210.0
6.9,86.0
6.2,33.0
5.3,14.0
6.5,282.0
5.8,136.0
8.0,1990.0
6.2,550.0
7.2,57.0
6.4,2756.0
7.2,4221.0
6.2,67.0
5.6,766.0
5.4,90.0
6.9,135.0
7.0,8.0
6.4,540.0
7.3,127.0
7.8,1100.0
4.9,1761.0
6.1,1372.0
7.0,92.0
7.1,733.0
6.8,26.0
6.7,729.0
6.9,973.0
6.1,292.0
6.6,708.0
6.4,1160.0
7.6,11.0
6.5,585.0
6.1,440.0
6.6,171.0
8.0,5179.0
6.6,37.0
6.7,1083.0
5.8,689.0
5.7,144.0
6.7,825.0
7.6,139.0
4.9,323.0
7.2,59.0
5.9,85.0
6.0,1115.0
6.6,2250.0
6.1,521.0
6.7,107.0
5.6,17.0
6.4,39.0
0.0,0.0
4.1,14.0
5.8,106.0
5.6,284.0
7.3,374.0
5.3,990.0
5.0,247.0
5.9,1811.0
7.0,44.0
0.0,0.0
7.7,2329.0
6.5,490.0
7.4,104.0
5.3,127.0
6.2,429.0
5.6,636.0
6.6,22.0
5.9,746.0
6.4,7248.0
6.6,545.0
7.0,60.0
6.0,240.0
6.4,28.0
6.4,628.0
8.2,3784.0
6.6,62.0
8.4,5.0
6.8,4.0
5.8,1242.0
7.2,96.0
5.8,1080.0
7.1,835.0
7.4,3759.0
6.4,180.0
5.7,446.0
6.4,445.0
5.4,73.0
5.6,346.0
7.1,14.0
7.4,114.0
5.8,92.0
6.2,297.0
7.1,784.0
7.5,48.0
7.5,67.0
7.4,3192.0
5.2,536.0
7.8,407.0
3.8,206.0
7.0,443.0
6.4,1260.0
6.1,88.0
6.4,74.0
5.9,52.0
3.1,274.0
5.4,500.0
5.5,70.0
5.8,155.0
6.9,209.0
5.9,779.0
7.8,13.0
6.6,86.0
6.4,133.0
6.4,51.0
5.9,1212.0
5.4,140.0
5.6,90.0
4.7,16.0
7.3,32.0
5.3,27.0
5.0,24.0
6.4,658.0
7.5,57.0
7.2,3667.0
6.4,153.0
5.0,44.0
7.1,77.0
6.5,523.0
5.9,1415.0
5.7,1749.0
6.5,101.0
4.5,51.0
6.1,184.0
8.1,1002.0
6.8,54.0
6.2,56.0
6.5,43.0
6.4,260.0
7.2,594.0
7.5,7347.0
4.6,10.0
6.4,165.0
7.1,433.0
7.5,26.0
6.7,317.0
6.0,45.0
6.0,1357.0
6.0,3431.0
7.4,153.0
0.0,0.0
6.3,301.0
5.5,369.0
5.8,8.0
5.5,149.0
5.3,88.0
7.2,1358.0
5.8,29.0
6.9,3332.0
7.0,31.0
5.9,96.0
6.3,229.0
7.5,171.0
7.6,16.0
5.5,3.0
6.7,256.0
7.4,3269.0
6.1,590.0
5.8,2166.0
7.7,235.0
7.4,99.0
5.7,586.0
6.4,37.0
4.2,496.0
5.8,375.0
6.8,12222.0
5.9,42.0
7.5,188.0
7.0,491.0
5.8,250.0
6.6,762.0
6.7,10.0
5.0,284.0
6.6,15.0
6.7,42.0
7.0,372.0
6.8,26.0
5.3,81.0
6.3,2494.0
7.0,16.0
6.9,940.0
6.5,262.0
7.7,657.0
6.8,163.0
6.0,248.0
6.4,1230.0
5.4,391.0
4.9,218.0
6.6,1155.0
6.6,3313.0
5.7,30.0
5.8,239.0
8.3,21681.0
6.2,110.0
3.9,4.0
7.8,5775.0
4.7,940.0
5.5,366.0
4.8,1251.0
6.0,469.0
5.4,1795.0
7.6,626.0
5.1,20.0
5.4,276.0
7.6,11.0
6.0,245.0
7.0,1208.0
5.4,16.0
7.1,111.0
0.0,0.0
6.6,756.0
5.0,55.0
7.2,190.0
5.9,3443.0
6.3,1767.0
7.2,412.0
5.8,9.0
6.1,6876.0
6.4,408.0
6.9,405.0
6.1,311.0
6.9,193.0
6.3,273.0
6.2,11.0
5.6,9.0
5.9,467.0
6.1,365.0
6.6,557.0
6.4,719.0
5.7,120.0
6.2,5992.0
7.0,59.0
6.9,47.0
6.7,275.0
7.3,584.0
6.8,179.0
5.9,92.0
6.6,110.0
5.8,197.0
6.8,6689.0
8.2,1136.0
8.3,72.0
7.2,329.0
8.4,3628.0
7.9,696.0
6.0,14.0
5.9,213.0
6.3,208.0
6.8,963.0
7.4,4401.0
6.5,82.0
6.2,131.0
5.6,28.0
6.6,40.0
6.5,155.0
4.6,54.0
6.2,70.0
5.4,201.0
6.3,9.0
6.1,117.0
7.4,3632.0
6.9,76.0
6.5,11.0
6.4,2998.0
5.3,121.0
5.2,159.0
7.2,32.0
6.9,464.0
0.0,0.0
4.1,196.0
5.6,355.0
7.1,806.0
6.0,1751.0
6.1,122.0
7.0,173.0
6.3,1041.0
7.2,407.0
7.2,973.0
7.1,3693.0
6.2,28.0
6.7,145.0
6.4,71.0
6.5,378.0
6.5,3276.0
7.3,153.0
5.6,17.0
6.0,3.0
6.7,643.0
5.2,5.0
7.3,448.0
7.9,1111.0
7.8,1082.0
6.6,1392.0
5.4,7.0
6.6,577.0
7.5,172.0
6.1,2072.0
6.4,897.0
6.7,171.0
7.1,300.0
6.4,96.0
5.4,20.0
7.6,3651.0
4.6,518.0
6.7,356.0
5.4,546.0
6.4,355.0
7.6,526.0
6.5,243.0
6.3,3391.0
6.5,760.0
6.3,559.0
6.8,97.0
7.3,3880.0
4.6,686.0
7.1,8.0
7.4,748.0
5.5,598.0
6.2,719.0
7.0,2510.0
7.3,67.0
6.1,480.0
6.4,47.0
4.0,2.0
6.7,171.0
6.1,75.0
7.2,1050.0
6.5,3016.0
6.6,324.0
5.7,26.0
7.5,15051.0
6.8,13.0
7.3,2222.0
6.2,894.0
6.6,30.0
7.1,69.0
5.8,592.0
6.0,3444.0
7.6,77.0
5.6,37.0
8.1,6423.0
8.1,2664.0
3.9,25.0
6.4,519.0
6.4,59.0
7.9,477.0
6.6,1756.0
0.0,0.0
6.1,483.0
5.1,2764.0
5.5,1052.0
7.2,330.0
7.6,299.0
4.7,48.0
6.8,835.0
6.2,134.0
5.4,7.0
6.0,753.0
6.8,153.0
6.4,28.0
6.0,4010.0
5.8,22.0
6.2,52.0
6.1,66.0
0.0,0.0
5.3,91.0
6.3,67.0
6.5,25.0
7.1,1406.0
6.6,208.0
6.9,4829.0
5.3,45.0
7.2,587.0
7.1,2365.0
4.1,4.0
7.8,4.0
6.8,154.0
5.0,480.0
6.4,137.0
7.1,326.0
6.4,68.0
6.0,4970.0
5.0,98.0
6.4,7.0
5.7,9.0
9.0,2.0
7.9,47.0
7.1,929.0
6.0,3.0
6.4,644.0
5.3,280.0
6.0,321.0
6.1,128.0
6.6,1209.0
7.9,4556.0
7.5,213.0
7.0,8.0
7.5,41.0
5.9,243.0
7.4,330.0
6.2,5220.0
0.0,0.0
6.5,33.0
6.1,1870.0
7.6,451.0
7.3,1521.0
6.2,135.0
6.8,232.0
7.3,251.0
7.8,3238.0
7.5,376.0
7.5,3082.0
6.3,2146.0
6.9,459.0
6.7,232.0
6.4,84.0
5.0,51.0
6.4,81.0
5.6,524.0
6.5,49.0
7.1,327.0
5.9,11.0
7.6,1536.0
8.0,349.0
6.6,156.0
6.5,817.0
5.8,25.0
6.4,101.0
6.6,27.0
5.6,32.0
7.0,409.0
6.3,132.0
5.9,134.0
0.0,0.0
7.1,360.0
6.2,642.0
6.5,984.0
7.8,163.0
5.4,60.0
6.7,109.0
6.3,167.0
5.9,9.0
5.3,107.0
7.2,1805.0
7.3,13.0
7.1,3173.0
6.1,5238.0
6.2,1257.0
6.1,307.0
6.7,205.0
5.9,1478.0
6.6,948.0
6.8,1488.0
6.6,3626.0
7.0,61.0
6.8,380.0
7.0,233.0
5.3,6.0
5.5,69.0
6.4,63.0
7.4,1354.0
7.6,126.0
6.1,1288.0
7.1,6136.0
6.1,5.0
6.1,451.0
5.9,261.0
6.5,56.0
6.1,65.0
7.3,3352.0
7.1,7938.0
5.9,346.0
7.7,203.0
6.6,1260.0
6.6,712.0
6.4,13.0
6.4,226.0
7.0,43.0
7.3,382.0
5.4,316.0
7.1,164.0
6.2,702.0
7.4,382.0
5.7,235.0
7.2,172.0
4.4,28.0
5.8,1265.0
5.5,1089.0
4.2,7.0
6.0,308.0
7.8,6538.0
6.5,1081.0
7.1,3148.0
7.0,704.0
7.6,286.0
6.2,748.0
4.4,659.0
7.0,806.0
6.2,67.0
7.8,2714.0
5.8,802.0
7.8,806.0
0.0,0.0
6.5,72.0
6.2,236.0
7.4,819.0
7.6,90.0
3.7,38.0
7.4,2482.0
6.4,7013.0
7.3,130.0
6.5,87.0
6.9,233.0
7.6,1275.0
5.3,137.0
7.3,2005.0
7.3,198.0
6.8,6.0
6.7,4404.0
7.3,1149.0
5.8,201.0
6.3,22.0
6.4,17.0
8.4,14836.0
6.1,211.0
5.8,128.0
4.9,262.0
5.6,2001.0
7.1,262.0
3.0,1.0
5.3,758.0
5.6,604.0
5.8,135.0
4.3,52.0
6.5,12.0
8.1,555.0
8.4,4767.0
6.6,1913.0
7.4,1109.0
5.7,3631.0
6.1,25.0
5.8,1001.0
7.4,74.0
7.6,8747.0
5.8,28.0
5.1,114.0
7.2,185.0
6.3,784.0
6.9,121.0
6.6,931.0
6.3,5897.0
5.9,63.0
6.8,220.0
7.1,107.0
4.7,79.0
6.2,2893.0
6.0,1794.0
8.0,223.0
5.3,112.0
6.6,680.0
6.9,437.0
0.0,0.0
5.8,18.0
6.3,41.0
4.4,14.0
6.3,968.0
1.5,4.0
7.3,375.0
5.8,268.0
7.4,252.0
7.2,1080.0
7.5,286.0
6.8,1263.0
6.3,2965.0
5.7,115.0
4.0,110.0
7.7,1526.0
8.0,1699.0
7.4,692.0
6.8,7499.0
7.5,1452.0
7.6,369.0
6.1,89.0
5.6,231.0
6.0,1.0
7.4,1527.0
7.5,484.0
5.6,17.0
6.2,802.0
5.8,293.0
4.2,3.0
7.3,386.0
1.0,2.0
5.6,522.0
7.5,1560.0
6.8,3517.0
5.9,24.0
3.9,685.0
5.8,124.0
5.6,2402.0
6.1,251.0
5.8,40.0
5.8,2.0
6.5,4.0
7.2,109.0
6.2,2440.0
4.6,140.0
6.2,4432.0
7.2,3398.0
5.2,240.0
6.6,213.0
6.5,132.0
7.2,17.0
5.4,26.0
4.8,119.0
6.3,1589.0
5.9,132.0
7.9,5756.0
7.2,5180.0
6.4,391.0
6.7,120.0
6.5,496.0
7.4,2219.0
7.6,1610.0
5.4,664.0
7.4,266.0
7.4,4166.0
6.0,703.0
6.3,168.0
7.8,728.0
6.9,538.0
5.4,84.0
6.0,2663.0
7.7,452.0
5.6,60.0
7.1,6.0
6.1,196.0
6.7,9726.0
7.3,2995.0
6.0,594.0
5.4,14.0
7.0,95.0
6.9,279.0
7.2,430.0
7.5,3170.0
5.7,1035.0
6.8,103.0
6.1,104.0
4.0,1.0
7.5,6379.0
0.0,0.0
7.6,1242.0
7.3,1944.0
5.6,251.0
8.1,5056.0
7.4,2787.0
6.9,100.0
6.3,1040.0
7.9,1699.0
5.8,767.0
5.6,129.0
5.6,289.0
6.1,79.0
3.6,13.0
4.9,264.0
4.7,20.0
6.3,123.0
6.4,2245.0
6.1,2489.0
7.0,101.0
5.8,148.0
6.8,1558.0
6.1,1129.0
6.2,4649.0
5.2,998.0
5.1,854.0
6.1,1257.0
5.9,95.0
5.9,2028.0
6.1,1594.0
6.9,20.0
5.3,349.0
6.5,942.0
6.4,121.0
6.3,31.0
4.8,33.0
6.5,782.0
6.3,100.0
6.1,82.0
7.3,1702.0
7.5,55.0
3.7,746.0
6.3,1549.0
7.3,140.0
0.0,0.0
7.0,328.0
6.0,104.0
5.4,172.0
8.1,5545.0
6.7,409.0
6.4,583.0
6.4,267.0
6.0,1647.0
6.4,20.0
5.6,401.0
5.8,179.0
7.5,1042.0
4.4,28.0
7.0,53.0
5.7,712.0
6.7,559.0
6.1,3718.0
6.5,6.0
6.0,66.0
7.0,109.0
5.5,516.0
6.4,120.0
7.4,345.0
6.6,241.0
5.2,83.0
6.3,69.0
4.6,19.0
5.9,304.0
7.5,378.0
0.0,0.0
6.0,889.0
5.2,13.0
7.0,2408.0
5.9,2086.0
6.6,52.0
6.8,130.0
3.6,10.0
7.8,723.0
7.6,690.0
6.1,1756.0
7.6,471.0
5.6,145.0
5.5,114.0
4.9,1047.0
7.3,5.0
6.9,3541.0
6.8,3299.0
6.0,7127.0
6.5,641.0
0.0,0.0
5.9,47.0
6.3,362.0
6.3,255.0
7.2,7099.0
6.1,181.0
5.9,7.0
6.3,1005.0
6.8,40.0
6.6,256.0
5.8,17.0
0.0,0.0
5.9,361.0
4.9,13.0
4.8,198.0
4.1,1092.0
6.6,4166.0
6.8,405.0
5.3,403.0
4.9,203.0
6.5,558.0
5.8,376.0
0.0,0.0
7.5,198.0
6.4,40.0
6.8,318.0
7.6,666.0
6.9,7747.0
6.4,2131.0
7.0,1810.0
7.0,93.0
7.4,1457.0
5.4,45.0
0.0,0.0
4.5,32.0
6.4,817.0
7.4,2950.0
7.4,370.0
6.0,247.0
7.0,5937.0
8.0,1.0
7.3,52.0
7.4,283.0
5.7,766.0
0.0,0.0
3.6,39.0
5.1,374.0
6.1,107.0
7.7,104.0
5.5,463.0
5.8,137.0
6.1,4839.0
6.2,2124.0
5.4,558.0
5.3,262.0
7.0,616.0
7.0,11.0
7.6,35.0
5.0,1234.0
6.6,32.0
6.5,2743.0
6.5,1694.0
7.6,162.0
5.9,1122.0
2.8,33.0
0.0,0.0
5.6,668.0
5.7,73.0
5.6,13.0
7.9,4721.0
6.9,3504.0
5.2,241.0
7.9,1588.0
4.9,93.0
6.3,954.0
6.7,411.0
0.0,0.0
5.6,109.0
4.6,17.0
6.7,3524.0
7.6,7168.0
6.6,94.0
6.2,1336.0
7.9,39.0
6.4,144.0
6.8,2899.0
4.8,754.0
6.4,16.0
6.6,893.0
6.7,314.0
0.0,0.0
4.4,297.0
6.0,94.0
7.8,6.0
6.0,19.0
8.1,7229.0
6.2,397.0
7.8,11.0
5.6,320.0
8.3,266.0
6.1,513.0
5.8,231.0
6.2,85.0
5.5,303.0
6.6,626.0
6.6,39.0
5.6,1724.0
6.6,595.0
5.8,26.0
7.3,6448.0
6.3,3957.0
6.3,164.0
6.4,487.0
7.1,265.0
2.6,10.0
5.9,75.0
6.4,255.0
4.7,33.0
7.2,2668.0
6.1,1215.0
6.1,894.0
5.6,590.0
5.6,2102.0
6.3,34.0
6.8,206.0
6.2,137.0
6.0,27.0
0.0,0.0
6.8,21.0
7.0,59.0
6.6,2552.0
6.5,3991.0
8.0,159.0
6.3,3114.0
7.2,909.0
5.8,61.0
6.1,671.0
5.8,462.0
6.5,3215.0
6.4,106.0
6.5,647.0
6.0,28.0
5.6,125.0
6.9,200.0
7.6,161.0
6.9,44.0
0.0,0.0
5.4,171.0
5.0,47.0
6.4,2894.0
7.2,297.0
7.1,3775.0
6.4,519.0
5.9,30.0
6.0,12.0
6.4,612.0
6.7,89.0
5.4,516.0
6.3,26.0
3.5,163.0
6.4,89.0
5.7,2811.0
6.0,160.0
4.4,1667.0
6.8,9858.0
5.1,161.0
7.2,92.0
0.0,0.0
7.6,31.0
7.4,42.0
6.6,4.0
6.0,4999.0
7.0,224.0
7.4,572.0
5.2,410.0
4.7,94.0
5.5,12.0
5.7,94.0
0.0,0.0
6.3,65.0
4.3,12.0
5.7,3.0
5.1,338.0
6.0,267.0
5.7,31.0
6.8,161.0
7.9,722.0
6.6,164.0
0.0,0.0
5.3,16.0
7.7,114.0
7.9,6452.0
5.9,1063.0
8.2,11190.0
5.7,1170.0
8.3,1973.0
7.1,3294.0
7.2,999.0
6.4,42.0
0.0,0.0
6.2,199.0
6.2,647.0
5.9,2606.0
5.8,1090.0
7.0,132.0
0.0,0.0
5.7,493.0
5.5,4.0
7.2,2121.0
4.1,97.0
0.0,0.0
6.9,49.0
4.6,12.0
7.5,1313.0
7.0,2075.0
5.9,307.0
5.9,65.0
7.5,413.0
6.4,317.0
6.4,146.0
5.9,5.0
0.0,0.0
8.2,50.0
4.0,43.0
7.1,769.0
6.3,381.0
6.7,109.0
6.8,159.0
3.8,25.0
6.8,1172.0
6.0,10.0
6.3,37.0
6.4,164.0
5.7,4014.0
6.4,28.0
7.0,411.0
5.7,45.0
7.7,206.0
6.7,209.0
6.7,560.0
6.0,787.0
7.9,5612.0
5.3,42.0
4.0,159.0
7.8,453.0
6.2,1272.0
6.0,690.0
7.3,12051.0
6.6,219.0
7.1,245.0
7.0,57.0
6.3,1650.0
5.0,4.0
7.1,738.0
7.7,6076.0
6.3,5536.0
5.3,39.0
6.2,6.0
6.7,44.0
5.7,22.0
6.4,4283.0
6.6,59.0
6.0,738.0
7.8,387.0
7.4,108.0
6.4,58.0
6.6,4078.0
5.4,44.0
5.8,139.0
6.3,3615.0
7.7,3731.0
7.1,412.0
5.9,1003.0
0.0,0.0
6.6,98.0
5.9,13246.0
7.0,4000.0
5.6,32.0
5.6,5.0
5.6,338.0
7.0,59.0
6.5,405.0
6.7,1111.0
7.3,125.0
6.9,178.0
5.9,15.0
7.1,403.0
5.0,2.0
5.6,56.0
6.5,2592.0
7.3,264.0
6.8,5335.0
0.0,0.0
6.6,158.0
5.9,46.0
8.0,7870.0
5.2,187.0
6.4,61.0
5.7,42.0
6.1,942.0
6.5,1220.0
5.3,2680.0
5.4,91.0
0.0,0.0
7.5,1304.0
7.0,612.0
6.4,127.0
7.3,83.0
5.8,72.0
6.5,125.0
6.8,1054.0
7.5,1.0
6.2,17.0
6.1,2480.0
0.0,0.0
6.6,459.0
5.6,15.0
7.1,632.0
5.4,3134.0
7.5,9089.0
6.4,120.0
6.7,3014.0
6.1,17.0
5.7,1096.0
7.6,141.0
6.0,316.0
6.4,102.0
6.7,158.0
4.5,506.0
6.4,778.0
6.9,6013.0
7.6,216.0
5.9,300.0
6.7,113.0
5.6,136.0
5.7,77.0
6.1,10.0
5.4,254.0
6.5,367.0
7.1,871.0
5.8,4705.0
5.3,472.0
6.3,458.0
7.4,1855.0
5.4,245.0
6.7,22.0
0.0,0.0
5.1,106.0
6.0,692.0
6.9,484.0
4.6,15.0
7.4,1511.0
7.1,1480.0
6.5,1186.0
6.6,3883.0
7.4,45.0
8.1,131.0
0.0,0.0
7.8,615.0
5.9,1479.0
6.8,3275.0
6.5,1031.0
6.5,10160.0
3.0,388.0
7.3,55.0
6.8,342.0
5.4,150.0
7.5,588.0
0.0,0.0
5.1,38.0
6.7,250.0
5.8,272.0
7.4,1756.0
6.6,430.0
6.0,1209.0
6.5,55.0
5.8,392.0
7.1,2292.0
7.2,350.0
7.5,22.0
5.6,1055.0
5.7,7.0
6.8,1074.0
7.9,11.0
6.9,83.0
5.9,602.0
5.1,7.0
7.2,958.0
6.2,428.0
6.3,1591.0
7.7,91.0
6.2,507.0
5.8,678.0
5.5,395.0
7.4,766.0
7.6,5842.0
7.6,111.0
6.3,1355.0
6.1,146.0
7.7,3761.0
6.5,773.0
5.8,95.0
7.2,2781.0
5.5,573.0
7.6,29.0
7.4,13.0
5.7,218.0
6.2,1067.0
5.9,62.0
4.4,15.0
6.6,211.0
6.9,246.0
5.7,83.0
7.2,239.0
6.6,163.0
6.7,263.0
7.3,42.0
6.0,62.0
6.7,300.0
6.8,39.0
0.0,0.0
7.7,5714.0
7.0,367.0
7.4,6083.0
5.8,85.0
6.2,8.0
5.6,464.0
7.1,5122.0
6.8,88.0
4.4,44.0
6.2,15.0
6.3,75.0
6.3,386.0
6.4,17.0
7.7,604.0
6.4,47.0
5.7,527.0
7.6,6181.0
6.6,319.0
0.0,0.0
7.2,7992.0
6.6,1173.0
6.9,63.0
6.6,772.0
6.7,46.0
7.8,544.0
6.9,55.0
6.2,434.0
5.4,19.0
5.5,1796.0
0.0,0.0
7.6,665.0
7.6,1085.0
6.1,4607.0
6.3,114.0
4.7,347.0
5.8,68.0
6.2,50.0
6.5,1873.0
6.4,2191.0
5.0,1.0
6.9,432.0
6.5,3138.0
5.5,65.0
6.7,517.0
6.2,97.0
7.3,73.0
6.3,30.0
5.1,399.0
6.4,41.0
7.5,583.0
0.0,0.0
7.4,151.0
6.0,652.0
4.7,358.0
6.2,33.0
7.1,1835.0
7.6,371.0
7.0,38.0
5.7,1045.0
7.8,432.0
5.8,5.0
0.0,0.0
6.0,23.0
6.1,127.0
6.7,13.0
6.8,945.0
5.8,5.0
6.0,392.0
4.7,429.0
6.3,9815.0
6.4,25.0
5.4,544.0
0.0,0.0
7.2,1394.0
4.6,220.0
6.5,18.0
7.2,54.0
4.9,849.0
5.6,54.0
6.5,567.0
7.2,193.0
5.7,27.0
6.5,77.0
5.4,127.0
4.3,45.0
7.5,455.0
6.4,449.0
6.4,980.0
5.9,196.0
6.8,229.0
7.1,349.0
6.3,6619.0
6.2,81.0
0.0,0.0
7.7,345.0
6.5,35.0
5.1,224.0
6.7,643.0
4.0,400.0
5.3,23.0
5.1,2441.0
7.0,78.0
6.5,97.0
5.7,819.0
6.7,146.0
6.4,73.0
7.8,25.0
6.3,167.0
7.0,2876.0
7.0,125.0
0.0,0.0
5.2,590.0
5.4,21.0
5.7,58.0
6.1,486.0
6.1,3091.0
7.5,179.0
6.5,155.0
6.0,185.0
5.4,145.0
7.2,97.0
0.0,0.0
6.5,209.0
7.4,88.0
6.8,24.0
7.6,223.0
6.2,2002.0
6.2,1060.0
6.3,22.0
6.6,1446.0
6.8,69.0
6.6,68.0
0.0,0.0
6.9,7986.0
6.6,159.0
5.5,1217.0
6.9,115.0
7.1,64.0
6.5,946.0
6.6,72.0
5.9,31.0
6.8,131.0
7.4,252.0
0.0,0.0
5.0,19.0
7.5,6.0
5.1,37.0
5.0,7.0
5.2,1739.0
7.1,1470.0
6.6,262.0
5.8,49.0
7.4,391.0
5.8,9.0
6.6,413.0
6.0,1428.0
6.8,1642.0
6.3,138.0
7.3,524.0
6.8,1433.0
6.2,510.0
7.9,1586.0
6.2,3432.0
8.0,12334.0
7.5,322.0
6.7,2540.0
6.2,238.0
7.0,5234.0
6.5,14.0
6.8,593.0
7.2,130.0
5.6,35.0
7.2,78.0
4.3,547.0
0.0,0.0
3.7,157.0
7.0,27.0
6.2,12.0
4.2,630.0
6.1,372.0
6.5,34.0
7.5,404.0
6.3,424.0
8.0,3.0
7.3,1518.0
0.0,0.0
5.1,87.0
6.3,61.0
5.1,1416.0
6.3,440.0
7.6,64.0
7.1,149.0
6.5,21.0
5.5,236.0
5.1,440.0
7.4,6937.0
0.0,0.0
6.1,187.0
6.7,40.0
5.7,1135.0
6.4,24.0
4.2,147.0
5.9,850.0
5.6,58.0
0.0,0.0
6.1,1691.0
4.2,24.0
7.7,1969.0
5.8,720.0
6.2,870.0
6.8,688.0
6.9,2602.0
6.5,311.0
4.7,404.0
6.7,123.0
5.8,2312.0
7.2,234.0
6.9,12.0
4.2,42.0
7.7,7378.0
5.9,201.0
6.3,1232.0
7.6,371.0
6.7,1041.0
6.7,200.0
5.8,1954.0
4.7,291.0
6.0,10.0
5.7,600.0
6.7,269.0
7.1,334.0
7.0,426.0
7.0,1317.0
6.6,151.0
0.0,0.0
5.3,24.0
7.3,10.0
5.0,54.0
6.0,2.0
6.3,46.0
7.0,3.0
6.9,7908.0
6.0,981.0
8.1,2791.0
6.9,348.0
7.8,1249.0
6.4,79.0
6.5,228.0
6.2,253.0
6.2,2066.0
6.5,938.0
6.5,845.0
7.3,410.0
5.1,38.0
6.8,897.0
0.0,0.0
5.8,138.0
7.4,124.0
6.2,492.0
6.7,354.0
6.8,4017.0
5.4,2017.0
5.1,6.0
6.4,12.0
5.6,734.0
6.3,13.0
0.0,0.0
6.4,543.0
7.9,6443.0
5.1,32.0
6.6,3051.0
6.2,3794.0
6.3,4.0
6.7,632.0
5.8,16.0
5.9,417.0
6.0,387.0
0.0,0.0
6.2,22.0
5.3,459.0
6.4,88.0
5.9,212.0
7.2,434.0
5.8,446.0
6.5,4.0
6.5,3205.0
6.8,2651.0
6.6,703.0
0.0,0.0
6.1,551.0
6.7,1199.0
5.5,228.0
6.3,13.0
6.2,1609.0
7.0,577.0
7.4,430.0
7.5,318.0
5.3,104.0
6.6,80.0
4.2,6.0
6.6,15.0
5.7,515.0
7.8,1409.0
6.6,16.0
6.4,1635.0
7.3,73.0
5.3,2629.0
5.7,37.0
7.1,1512.0
5.7,155.0
6.8,903.0
7.0,207.0
8.1,10116.0
6.6,735.0
5.0,1071.0
5.6,820.0
5.4,612.0
6.8,12.0
5.5,416.0
0.0,0.0
5.8,32.0
6.5,776.0
7.2,240.0
6.4,2291.0
6.3,107.0
6.2,1483.0
7.5,2876.0
6.9,395.0
6.8,386.0
7.0,286.0
0.0,0.0
0.0,0.0
7.3,348.0
7.3,1186.0
7.3,2526.0
7.0,691.0
6.5,500.0
6.7,6942.0
6.6,3480.0
6.1,910.0
6.5,23.0
0.0,0.0
6.2,1506.0
5.3,192.0
7.5,3250.0
7.3,268.0
6.7,23.0
5.8,661.0
7.7,496.0
6.5,391.0
5.7,168.0
7.6,1298.0
7.7,406.0
5.7,798.0
3.8,40.0
7.1,58.0
6.5,328.0
7.8,720.0
7.2,277.0
7.9,1895.0
7.6,757.0
5.4,46.0
7.2,93.0
6.5,190.0
6.0,6.0
6.0,284.0
4.6,77.0
6.3,345.0
6.3,794.0
5.7,13.0
7.7,435.0
5.6,116.0
7.8,7221.0
6.0,9.0
6.3,99.0
5.9,4858.0
3.1,13.0
6.3,192.0
5.3,21.0
6.5,26.0
8.4,1438.0
6.1,975.0
6.5,771.0
0.0,0.0
5.2,10.0
6.2,54.0
3.9,8.0
5.4,1011.0
5.6,1241.0
6.4,6259.0
7.3,176.0
7.1,1288.0
6.3,56.0
4.9,73.0
7.0,757.0
6.9,389.0
6.2,1018.0
6.2,21.0
6.5,4.0
6.9,39.0
6.4,27.0
7.2,139.0
0.0,0.0
6.3,521.0
6.4,28.0
4.4,137.0
7.8,11286.0
7.4,620.0
6.5,71.0
6.6,14.0
5.9,40.0
6.2,639.0
6.5,18.0
0.0,0.0
6.4,179.0
6.4,204.0
5.5,291.0
6.6,1289.0
5.1,10.0
6.0,127.0
6.7,126.0
6.8,23.0
6.2,22.0
6.0,39.0
0.0,0.0
6.1,1178.0
5.7,22.0
6.1,971.0
6.3,610.0
6.8,133.0
6.5,16.0
6.5,6.0
6.5,321.0
4.0,13.0
5.6,218.0
0.0,0.0
5.6,67.0
5.4,12.0
7.6,250.0
6.6,54.0
6.1,165.0
6.7,658.0
6.4,419.0
5.5,451.0
7.0,668.0
4.8,20.0
7.2,1327.0
6.9,70.0
6.8,16.0
7.5,473.0
6.1,1710.0
7.5,987.0
5.5,406.0
6.0,68.0
5.1,83.0
6.7,1503.0
5.8,1854.0
5.8,748.0
5.7,2841.0
3.7,86.0
7.3,328.0
6.7,2746.0
5.8,55.0
5.9,11.0
6.3,85.0
5.5,50.0
0.0,0.0
5.0,1.0
5.8,438.0
7.0,169.0
5.9,2427.0
5.7,129.0
5.7,100.0
6.1,1706.0
6.9,1805.0
5.5,85.0
7.2,434.0
0.0,0.0
8.1,5268.0
6.6,26.0
5.4,158.0
6.6,115.0
6.0,124.0
6.0,222.0
6.4,277.0
6.6,205.0
7.5,320.0
6.9,309.0
6.6,1510.0
6.8,50.0
6.2,943.0
5.9,242.0
7.5,146.0
7.2,861.0
5.2,24.0
6.9,1928.0
5.8,92.0
5.6,4144.0
7.5,1059.0
6.5,15.0
7.0,30.0
6.9,41.0
7.7,69.0
7.6,1771.0
5.3,42.0
6.4,445.0
7.2,9146.0
8.4,5451.0
5.2,98.0
6.9,7160.0
5.2,115.0
5.1,408.0
6.5,63.0
7.3,245.0
7.8,426.0
6.8,2338.0
7.1,2064.0
7.7,90.0
7.4,10129.0
7.5,23.0
6.3,12.0
5.3,485.0
5.8,130.0
6.8,88.0
6.0,89.0
4.7,74.0
7.4,7.0
6.2,194.0
5.6,329.0
5.7,3.0
0.0,0.0
6.2,244.0
5.2,203.0
4.3,215.0
6.4,673.0
7.1,1653.0
4.6,26.0
6.5,428.0
5.7,1890.0
6.2,475.0
5.6,738.0
6.2,101.0
5.7,947.0
6.7,2686.0
5.2,72.0
7.3,13458.0
8.1,5013.0
2.9,59.0
0.0,0.0
8.0,629.0
6.3,4466.0
6.7,3515.0
8.3,493.0
7.1,1206.0
8.1,1368.0
5.5,41.0
6.2,246.0
4.8,338.0
5.3,143.0
0.0,0.0
6.1,1339.0
6.7,739.0
7.0,577.0
6.8,185.0
5.5,123.0
7.1,3468.0
6.1,986.0
6.2,121.0
7.4,403.0
6.4,275.0
0.0,0.0
4.6,23.0
5.9,566.0
7.6,18.0
7.9,637.0
8.2,38.0
6.1,2520.0
6.8,343.0
7.2,128.0
4.8,18.0
7.0,74.0
0.0,0.0
5.3,365.0
6.8,531.0
4.1,15.0
6.1,43.0
6.4,53.0
6.4,288.0
0.0,0.0
7.0,20.0
6.7,58.0
7.7,1891.0
0.0,0.0
6.8,838.0
7.0,2.0
5.5,173.0
6.2,25.0
5.3,71.0
5.3,450.0
6.0,57.0
7.4,49.0
7.4,12391.0
5.0,27.0
7.9,97.0
7.2,921.0
6.9,1700.0
6.6,394.0
6.3,4001.0
7.1,8.0
6.2,918.0
7.0,1880.0
7.2,194.0
5.1,64.0
0.0,0.0
6.8,126.0
7.5,690.0
6.0,366.0
5.9,101.0
6.0,247.0
7.0,269.0
6.5,200.0
4.6,110.0
5.5,2274.0
5.9,18.0
0.0,0.0
6.1,660.0
6.4,43.0
5.8,54.0
6.4,70.0
7.2,32.0
6.1,112.0
6.5,124.0
7.0,1.0
7.1,146.0
7.4,9.0
0.0,0.0
5.5,244.0
6.5,45.0
6.5,12.0
6.7,331.0
6.0,691.0
5.6,41.0
6.9,1751.0
5.8,973.0
5.6,406.0
5.5,160.0
6.0,212.0
5.8,13.0
8.2,815.0
5.5,136.0
5.2,90.0
5.9,473.0
5.2,323.0
5.7,59.0
4.8,12.0
5.3,1705.0
6.2,2130.0
5.5,71.0
6.8,687.0
7.1,1319.0
7.8,678.0
7.5,1196.0
5.5,14.0
6.1,143.0
6.3,3.0
5.9,4083.0
6.3,138.0
0.0,0.0
6.5,3827.0
4.7,24.0
8.5,3.0
6.8,20.0
5.9,151.0
5.2,602.0
4.9,1140.0
7.6,124.0
6.6,7.0
6.8,1588.0
5.9,400.0
7.3,1331.0
5.4,235.0
6.4,8.0
6.2,141.0
7.3,80.0
6.0,2656.0
4.0,3.0
7.4,830.0
8.1,9445.0
0.0,0.0
7.0,1890.0
5.8,884.0
7.1,184.0
5.9,147.0
4.6,7.0
6.2,638.0
7.5,6194.0
7.7,32.0
4.7,1349.0
6.7,5.0
6.3,33.0
0.0,0.0
6.1,104.0
4.9,468.0
6.7,1117.0
5.7,31.0
7.4,629.0
8.1,3731.0
6.0,622.0
6.8,126.0
6.8,11826.0
6.1,134.0
5.9,635.0
6.5,3004.0
6.0,1006.0
6.0,1786.0
6.2,34.0
6.6,91.0
4.3,37.0
5.7,14.0
6.6,3476.0
5.9,40.0
0.0,0.0
7.1,748.0
4.9,252.0
6.3,97.0
6.1,591.0
8.3,7442.0
6.6,62.0
5.6,64.0
5.5,10.0
5.5,2.0
5.3,23.0
0.0,0.0
7.4,979.0
4.8,271.0
7.9,4976.0
6.3,7.0
6.6,269.0
5.2,89.0
6.6,20.0
7.1,1722.0
6.5,1881.0
6.9,1726.0
0.0,0.0
5.9,141.0
7.9,7557.0
5.9,558.0
5.7,13.0
6.8,436.0
6.2,53.0
6.1,715.0
7.4,54.0
7.5,9808.0
7.7,3069.0
7.2,179.0
5.4,161.0
4.9,23.0
7.0,333.0
7.3,98.0
6.3,245.0
7.0,72.0
6.7,45.0
3.7,9.0
6.3,95.0
0.0,0.0
4.4,11.0
7.1,37.0
6.1,2613.0
6.2,1444.0
5.2,28.0
7.2,628.0
6.6,209.0
6.8,51.0
4.2,60.0
6.1,86.0
6.4,137.0
6.0,51.0
4.8,17.0
5.9,35.0
7.7,5652.0
7.5,6254.0
7.0,156.0
7.0,195.0
6.6,286.0
6.2,443.0
8.3,1350.0
6.6,144.0
2.7,10.0
6.8,378.0
7.8,870.0
6.9,3514.0
6.0,28.0
7.4,4720.0
8.1,950.0
5.7,12.0
6.7,2865.0
0.0,0.0
5.1,459.0
6.9,687.0
6.8,14.0
6.7,151.0
5.9,19.0
7.7,10056.0
7.1,388.0
6.9,4597.0
6.9,433.0
6.7,3.0
5.2,431.0
7.9,3185.0
6.6,179.0
5.7,1301.0
5.5,90.0
6.1,485.0
6.6,157.0
6.2,66.0
5.1,4180.0
6.8,2201.0
7.7,5558.0
7.4,7465.0
6.4,481.0
5.8,201.0
5.8,109.0
7.6,2511.0
7.4,90.0
6.3,15.0
6.3,593.0
6.6,611.0
5.8,28.0
6.1,160.0
5.8,3572.0
5.5,61.0
0.0,0.0
5.6,120.0
5.7,676.0
5.8,267.0
7.2,107.0
6.2,57.0
6.8,87.0
7.4,1778.0
4.3,326.0
5.8,295.0
7.5,767.0
5.7,25.0
7.1,526.0
4.2,50.0
7.6,4226.0
6.8,80.0
0.0,0.0
7.1,7468.0
7.3,99.0
7.2,201.0
7.0,1567.0
6.5,18.0
5.1,704.0
7.1,9489.0
5.7,2234.0
7.1,538.0
6.5,630.0
5.9,47.0
6.0,2434.0
7.2,2044.0
5.6,4.0
7.7,10480.0
5.9,133.0
5.5,1363.0
7.5,366.0
6.7,167.0
5.1,324.0
0.0,0.0
6.7,747.0
4.9,737.0
5.5,103.0
5.4,300.0
5.6,2345.0
7.0,2002.0
5.8,110.0
6.3,686.0
5.6,301.0
5.5,332.0
0.0,0.0
5.9,2184.0
7.4,58.0
6.2,1293.0
6.2,118.0
4.1,116.0
5.3,66.0
6.2,133.0
6.2,44.0
7.0,808.0
5.2,30.0
0.0,0.0
5.5,160.0
6.6,39.0
6.6,163.0
6.5,79.0
6.6,295.0
5.7,28.0
6.2,131.0
5.6,426.0
7.6,1218.0
7.2,94.0
6.9,914.0
4.3,16.0
6.3,32.0
5.6,109.0
7.2,2259.0
7.5,764.0
6.7,270.0
6.2,2808.0
7.4,477.0
7.3,163.0
0.0,0.0
7.4,830.0
4.8,30.0
6.9,136.0
6.4,142.0
5.2,1066.0
5.8,72.0
5.8,134.0
5.7,91.0
3.9,7.0
6.0,18.0
6.1,446.0
6.5,147.0
0.0,0.0
6.1,9.0
5.3,68.0
7.1,73.0
8.2,875.0
5.8,213.0
5.5,43.0
0.0,0.0
0.0,0.0
6.3,12.0
5.9,295.0
6.4,579.0
7.3,743.0
5.3,206.0
7.5,144.0
7.9,764.0
8.0,15342.0
6.6,111.0
6.7,60.0
6.5,17.0
5.2,767.0
7.2,52.0
6.2,121.0
5.7,1489.0
7.6,156.0
5.4,291.0
5.4,49.0
7.0,158.0
6.2,1820.0
7.8,135.0
6.1,364.0
7.3,3873.0
7.1,8828.0
7.9,7064.0
6.5,870.0
6.5,345.0
6.9,1306.0
6.0,2025.0
5.5,589.0
5.3,2433.0
7.5,467.0
6.7,62.0
6.1,82.0
5.6,304.0
4.5,72.0
6.7,400.0
7.2,274.0
7.1,631.0
5.1,274.0
6.0,168.0
6.0,189.0
7.8,3488.0
7.2,26.0
7.8,586.0
0.0,0.0
7.4,1922.0
6.1,4.0
5.3,78.0
5.9,215.0
7.9,5453.0
6.2,1617.0
7.3,794.0
6.3,28.0
5.3,617.0
4.6,41.0
5.3,1.0
5.5,2.0
5.9,55.0
5.1,371.0
6.8,3775.0
8.0,661.0
0.0,0.0
7.3,959.0
6.6,95.0
6.6,1328.0
5.8,776.0
7.1,234.0
6.1,17.0
6.6,41.0
6.5,10.0
5.7,636.0
6.8,38.0
7.3,3601.0
6.6,2060.0
6.5,378.0
6.6,1742.0
7.6,374.0
7.2,145.0
6.0,106.0
6.1,48.0
6.7,121.0
6.7,2717.0
0.0,0.0
5.0,6.0
7.0,2.0
6.2,947.0
6.6,616.0
7.4,227.0
5.7,415.0
7.7,1488.0
7.2,2752.0
7.7,797.0
6.1,386.0
0.0,0.0
5.6,108.0
7.2,237.0
6.5,38.0
6.6,43.0
5.4,263.0
6.9,56.0
5.9,75.0
5.9,411.0
6.1,580.0
6.1,127.0
0.0,0.0
6.6,112.0
3.9,6.0
5.8,13.0
6.6,23.0
6.7,193.0
5.5,560.0
6.4,151.0
7.0,547.0
6.5,575.0
5.3,462.0
6.6,1318.0
5.6,513.0
5.3,164.0
6.8,5.0
5.7,38.0
8.1,147.0
5.3,367.0
5.3,7.0
6.2,276.0
6.4,66.0
6.1,577.0
6.7,406.0
6.1,109.0
5.4,481.0
5.0,157.0
6.4,18.0
7.0,160.0
6.6,2479.0
5.0,254.0
7.0,1.0
0.0,0.0
5.2,23.0
6.9,21.0
8.1,8205.0
7.1,106.0
8.0,1.0
5.0,4.0
6.4,1457.0
6.0,3503.0
7.2,875.0
5.8,30.0
6.9,287.0
6.7,967.0
7.4,4000.0
4.3,2.0
4.9,9.0
5.2,149.0
6.5,1388.0
5.8,332.0
7.3,2202.0
6.8,1319.0
0.0,0.0
6.3,277.0
6.7,1480.0
6.8,17.0
6.3,1569.0
7.7,2007.0
6.4,143.0
7.3,1790.0
7.4,946.0
7.7,2684.0
7.8,237.0
6.7,51.0
6.6,82.0
6.5,1089.0
6.9,531.0
5.1,3832.0
6.3,3276.0
5.6,1157.0
7.1,182.0
7.0,195.0
7.4,16.0
7.9,11258.0
6.7,453.0
4.5,9.0
5.3,423.0
6.6,110.0
7.0,589.0
6.4,349.0
0.0,0.0
7.2,47.0
6.3,732.0
5.8,1411.0
6.6,26.0
5.9,272.0
6.1,79.0
7.7,1012.0
6.3,684.0
6.6,264.0
6.6,958.0
0.0,0.0
5.6,22.0
6.8,123.0
7.9,7302.0
7.6,7854.0
4.4,15.0
5.9,248.0
6.2,5.0
6.2,1223.0
4.6,33.0
5.0,84.0
5.5,50.0
7.4,183.0
5.8,29.0
6.3,111.0
6.6,74.0
6.4,2569.0
4.8,47.0
6.4,381.0
5.8,1596.0
6.0,243.0
7.8,3111.0
7.3,386.0
8.4,3919.0
0.0,0.0
6.3,105.0
6.0,58.0
6.3,617.0
7.9,77.0
6.9,95.0
6.5,35.0
5.2,34.0
7.0,159.0
7.2,212.0
6.9,2108.0
0.0,0.0
5.5,145.0
7.0,143.0
7.7,297.0
6.4,1762.0
0.0,0.0
6.3,182.0
7.7,2070.0
5.7,49.0
7.1,96.0
5.5,315.0
0.0,0.0
5.8,9.0
7.2,155.0
8.0,5664.0
6.8,4.0
7.5,20.0
5.6,804.0
5.0,45.0
7.2,1430.0
5.5,1016.0
5.2,111.0
0.0,0.0
6.7,21.0
5.3,13.0
6.5,1641.0
7.3,1835.0
6.0,1627.0
6.4,434.0
8.4,842.0
5.3,558.0
6.4,875.0
5.8,369.0
6.7,257.0
6.9,20.0
6.2,593.0
6.5,119.0
6.8,225.0
6.4,625.0
6.8,179.0
5.0,427.0
6.3,3181.0
5.7,306.0
0.0,0.0
4.4,28.0
5.8,36.0
6.5,470.0
7.9,1187.0
5.3,462.0
6.0,67.0
5.5,230.0
7.4,128.0
6.2,486.0
5.9,52.0
6.2,121.0
5.8,38.0
7.5,36.0
7.0,1655.0
6.4,45.0
7.1,236.0
7.2,2191.0
7.8,4501.0
7.8,4212.0
6.9,1350.0
0.0,0.0
6.2,174.0
5.2,264.0
6.0,163.0
6.7,53.0
7.1,58.0
6.4,19.0
6.0,19.0
5.7,45.0
7.1,608.0
0.0,0.0
6.2,162.0
6.7,2594.0
6.4,26.0
6.4,89.0
6.1,39.0
9.0,2037.0
5.8,448.0
6.6,3802.0
8.5,7786.0
6.7,3053.0
6.9,17.0
7.3,9479.0
7.5,23.0
5.9,827.0
7.0,1094.0
8.1,78.0
7.6,173.0
5.6,146.0
5.1,281.0
7.2,92.0
5.8,490.0
4.4,8.0
6.3,1668.0
5.7,2450.0
7.2,6.0
5.9,55.0
7.2,1164.0
6.6,76.0
0.0,0.0
6.3,5002.0
5.9,600.0
6.1,85.0
5.9,46.0
5.6,278.0
6.6,107.0
8.1,2324.0
5.4,310.0
8.0,3498.0
6.4,5.0
7.9,5985.0
7.2,624.0
5.9,103.0
8.0,1171.0
7.1,1257.0
4.9,59.0
6.7,41.0
6.0,1423.0
5.8,26.0
5.7,24.0
0.0,0.0
6.3,57.0
7.7,141.0
6.3,76.0
6.3,50.0
6.4,1135.0
5.6,93.0
5.8,1243.0
7.2,2055.0
5.7,1141.0
6.0,245.0
0.0,0.0
8.0,18.0
7.7,5751.0
7.9,107.0
5.9,780.0
6.7,43.0
6.5,2.0
6.6,808.0
6.7,110.0
7.2,157.0
6.4,1179.0
0.0,0.0
7.3,272.0
4.3,12.0
4.3,217.0
6.7,224.0
5.5,1459.0
6.2,198.0
6.2,31.0
7.0,298.0
2.8,26.0
5.9,885.0
0.0,0.0
6.6,1627.0
6.2,42.0
6.7,6087.0
5.3,224.0
7.7,1393.0
6.7,4194.0
6.6,1955.0
6.8,2511.0
5.7,2759.0
6.4,587.0
0.0,0.0
5.4,9.0
7.0,889.0
6.2,122.0
6.7,169.0
6.2,3699.0
5.9,18.0
7.2,2809.0
6.7,2402.0
5.5,106.0
6.2,24.0
0.0,0.0
6.2,183.0
4.9,401.0
7.1,824.0
7.3,3.0
6.3,449.0
7.7,4892.0
6.2,60.0
8.5,7203.0
4.8,9.0
5.7,38.0
0.0,0.0
7.6,393.0
8.3,3628.0
3.1,482.0
8.2,2414.0
5.9,11.0
5.5,1042.0
4.3,30.0
6.6,3507.0
5.9,5130.0
7.4,1680.0
5.9,61.0
6.4,196.0
7.4,18.0
5.5,137.0
6.2,1569.0
6.9,1586.0
5.5,23.0
5.6,1578.0
5.2,62.0
5.6,8.0
0.0,0.0
5.1,1624.0
6.4,2295.0
6.2,1424.0
5.7,645.0
5.4,30.0
5.7,182.0
6.9,42.0
6.2,834.0
7.1,3174.0
5.4,1337.0
0.0,0.0
6.3,876.0
6.7,1249.0
6.6,2243.0
6.9,493.0
6.1,148.0
6.0,167.0
4.4,38.0
7.0,71.0
7.0,147.0
7.0,1285.0
5.9,639.0
6.2,783.0
6.4,590.0
5.4,39.0
6.2,461.0
7.0,70.0
5.7,62.0
6.9,3325.0
6.6,178.0
6.4,58.0
0.0,0.0
5.6,1823.0
6.7,2273.0
4.7,67.0
5.9,34.0
5.9,519.0
7.4,556.0
6.5,104.0
6.5,12.0
5.4,5.0
0.0,0.0
7.4,11837.0
7.1,107.0
5.9,121.0
7.5,388.0
4.8,313.0
5.6,1964.0
5.7,79.0
7.5,6732.0
8.0,5642.0
5.9,274.0
0.0,0.0
6.3,663.0
5.8,154.0
5.6,37.0
6.0,60.0
7.6,1588.0
7.1,1784.0
7.1,180.0
0.0,0.0
6.9,739.0
7.1,463.0
5.2,528.0
7.3,291.0
6.8,2663.0
6.4,7754.0
5.3,143.0
5.2,102.0
6.2,50.0
7.7,2433.0
0.0,0.0
7.1,453.0
4.7,7.0
5.7,240.0
6.9,2741.0
5.1,194.0
6.9,108.0
6.8,6071.0
5.5,151.0
5.8,219.0
6.9,171.0
0.0,0.0
8.2,1966.0
5.7,243.0
6.5,1013.0
7.3,2391.0
6.2,340.0
6.2,704.0
7.2,1897.0
6.2,158.0
6.3,1215.0
4.7,20.0
0.0,0.0
7.2,14.0
8.1,19.0
6.1,1877.0
6.7,520.0
5.6,2767.0
4.9,5.0
6.6,1261.0
5.9,8.0
7.2,4824.0
7.9,6544.0
0.0,0.0
6.4,253.0
7.3,5.0
7.0,245.0
6.6,31.0
5.9,408.0
7.0,37.0
6.4,167.0
6.3,147.0
6.5,3270.0
6.6,37.0
0.0,0.0
7.4,779.0
5.9,154.0
6.2,2270.0
7.3,970.0
5.3,1148.0
7.4,29.0
6.3,390.0
6.6,1860.0
1.8,2.0
5.8,73.0
0.0,0.0
7.2,67.0
4.9,717.0
6.2,131.0
6.6,569.0
6.9,742.0
4.8,207.0
6.6,322.0
6.1,540.0
5.7,94.0
5.9,98.0
7.4,10922.0
5.2,17.0
7.0,64.0
4.8,89.0
6.4,892.0
6.7,12.0
5.2,86.0
7.8,1716.0
6.0,75.0
6.1,241.0
0.0,0.0
6.4,337.0
7.0,149.0
5.9,425.0
5.6,17.0
6.4,885.0
6.0,135.0
6.3,3579.0
6.0,457.0
6.9,827.0
7.3,403.0
6.1,57.0
7.9,43.0
5.3,533.0
5.9,182.0
5.8,144.0
6.0,63.0
6.4,12.0
5.9,21.0
6.1,67.0
6.1,3343.0
0.0,0.0
4.9,29.0
7.2,1260.0
3.6,8.0
6.8,288.0
6.6,30.0
7.4,3665.0
5.0,1884.0
7.3,43.0
3.5,15.0
7.3,132.0
0.0,0.0
6.7,947.0
4.5,224.0
7.3,12.0
7.3,1466.0
6.8,881.0
6.3,816.0
7.1,791.0
7.6,1689.0
6.5,140.0
6.8,1934.0
6.5,11.0
7.0,6187.0
8.2,6927.0
5.2,76.0
6.0,638.0
5.8,63.0
6.8,1438.0
6.2,828.0
5.4,466.0
7.3,102.0
0.0,0.0
6.1,208.0
4.9,356.0
6.0,3609.0
6.3,18.0
6.7,402.0
0.0,0.0
6.9,191.0
5.7,2113.0
6.2,199.0
5.8,685.0
7.0,1676.0
7.4,438.0
5.7,134.0
7.1,1589.0
5.1,17.0
5.6,118.0
0.0,0.0
6.2,516.0
5.5,13.0
5.5,975.0
6.2,82.0
8.0,234.0
7.6,10496.0
7.3,224.0
6.2,193.0
6.3,33.0
6.2,601.0
0.0,0.0
5.6,813.0
5.5,209.0
6.3,71.0
5.3,804.0
5.9,529.0
7.3,761.0
7.7,10787.0
6.8,33.0
6.8,209.0
6.1,1810.0
0.0,0.0
8.0,627.0
7.1,14290.0
7.3,1389.0
7.3,592.0
6.9,1417.0
6.1,77.0
6.9,287.0
5.4,152.0
6.0,300.0
5.3,4318.0
0.0,0.0
7.3,41.0
8.2,8201.0
6.3,548.0
3.6,6.0
4.2,10.0
7.7,1979.0
6.0,2739.0
4.4,14.0
6.6,1103.0
6.5,6741.0
0.0,0.0
6.8,6560.0
5.4,399.0
5.7,44.0
5.9,11.0
4.7,469.0
5.8,163.0
6.4,465.0
7.4,71.0
7.4,7544.0
7.9,12047.0
0.0,0.0
5.5,339.0
6.9,60.0
5.4,177.0
5.7,7.0
7.5,35.0
7.6,8.0
6.0,1730.0
6.7,75.0
6.3,129.0
6.8,2317.0
0.0,0.0
5.7,108.0
6.0,13.0
4.0,260.0
8.3,5.0
5.9,1160.0
6.5,129.0
7.2,144.0
6.7,1922.0
6.6,137.0
7.0,228.0
6.1,12.0
5.5,44.0
6.8,78.0
6.1,51.0
6.4,334.0
6.2,450.0
5.7,571.0
6.8,224.0
6.2,2108.0
5.9,69.0
0.0,0.0
6.1,641.0
7.1,3377.0
6.3,167.0
7.0,3422.0
6.4,138.0
6.2,10.0
6.1,63.0
7.1,20.0
5.5,677.0
6.2,38.0
0.0,0.0
5.1,507.0
5.8,546.0
6.4,206.0
7.1,107.0
5.3,374.0
5.3,1005.0
5.5,97.0
5.7,25.0
5.9,128.0
7.9,228.0
0.0,0.0
5.5,731.0
6.0,981.0
6.1,789.0
6.3,1563.0
4.9,22.0
5.9,3429.0
6.3,103.0
6.3,2075.0
6.0,142.0
6.8,55.0
6.0,4.0
6.9,79.0
5.5,358.0
5.4,8.0
6.4,2278.0
6.9,2169.0
6.5,69.0
6.1,257.0
6.9,1926.0
5.3,43.0
0.0,0.0
6.1,4387.0
6.7,47.0
5.4,282.0
8.3,8203.0
6.3,4283.0
0.0,0.0
5.5,384.0
5.5,326.0
4.7,316.0
7.1,2192.0
5.5,1845.0
5.8,16.0
6.4,1910.0
7.3,846.0
8.0,2972.0
6.9,30.0
0.0,0.0
6.4,384.0
6.5,688.0
5.3,121.0
6.7,432.0
5.6,764.0
6.2,1902.0
7.3,79.0
6.2,142.0
6.6,383.0
6.6,1466.0
0.0,0.0
6.0,222.0
5.0,44.0
8.1,7654.0
5.6,10.0
7.5,119.0
7.5,64.0
5.0,3.0
7.4,6291.0
7.0,302.0
5.6,49.0
0.0,0.0
7.4,1414.0
5.7,195.0
7.0,11.0
6.5,176.0
7.3,6660.0
6.1,884.0
6.0,101.0
6.4,16.0
6.3,74.0
6.5,159.0
0.0,0.0
7.6,149.0
7.4,361.0
5.6,12.0
5.3,4.0
5.5,537.0
8.1,3818.0
6.0,160.0
7.6,335.0
5.4,48.0
6.7,2030.0
0.0,0.0
7.6,4304.0
6.5,2804.0
6.3,242.0
5.8,112.0
7.1,987.0
6.2,5.0
6.5,1848.0
7.6,3548.0
7.7,11.0
7.9,3137.0
5.8,15.0
6.4,915.0
5.7,247.0
4.3,349.0
6.2,171.0
6.0,46.0
5.4,31.0
6.7,398.0
6.4,1753.0
4.5,4.0
0.0,0.0
6.0,25.0
5.6,88.0
6.9,195.0
5.8,548.0
6.1,384.0
6.4,1080.0
6.7,12237.0
6.5,47.0
6.2,834.0
4.8,225.0
0.0,0.0
6.5,84.0
6.0,251.0
6.6,4957.0
6.9,60.0
7.3,397.0
5.4,155.0
6.7,446.0
7.3,1055.0
6.2,18.0
8.4,3835.0
6.8,2858.0
6.7,1428.0
6.0,88.0
5.1,373.0
6.5,1110.0
5.9,24.0
6.9,1063.0
6.9,615.0
6.2,1772.0
6.6,1348.0
0.0,0.0
4.0,180.0
8.2,7629.0
7.4,81.0
6.2,1134.0
6.7,158.0
6.4,43.0
6.3,18.0
7.8,1906.0
5.3,720.0
8.0,333.0
6.9,132.0
6.8,880.0
6.4,304.0
5.5,211.0
5.7,18.0
7.0,1755.0
7.5,42.0
6.3,186.0
5.7,7.0
5.3,976.0
6.9,1142.0
6.1,393.0
4.8,519.0
6.0,1671.0
7.7,89.0
5.4,75.0
6.4,61.0
8.3,970.0
7.0,59.0
4.7,2094.0
6.1,417.0
0.0,0.0
5.7,237.0
6.9,1163.0
7.1,2152.0
7.5,848.0
5.7,1144.0
4.4,46.0
6.3,115.0
6.1,466.0
5.9,299.0
6.0,53.0
6.2,3936.0
7.9,153.0
6.4,7.0
4.7,624.0
7.3,12.0
7.5,2762.0
6.6,299.0
2.5,4.0
6.7,160.0
7.4,2345.0
5.7,1136.0
6.9,497.0
6.7,108.0
0.0,0.0
5.9,1113.0
5.8,844.0
2.8,42.0
5.5,986.0
6.4,143.0
6.6,167.0
6.7,144.0
6.7,141.0
4.7,7.0
7.7,881.0
0.0,0.0
6.7,799.0
6.8,2596.0
5.4,95.0
8.3,10340.0
7.1,1596.0
6.3,100.0
5.5,241.0
5.7,115.0
6.3,1266.0
5.6,55.0
0.0,0.0
6.1,235.0
5.5,6.0
5.6,313.0
7.2,1172.0
6.0,285.0
6.1,268.0
7.4,8908.0
4.5,793.0
7.1,756.0
7.1,170.0
0.0,0.0
5.9,61.0
7.5,2741.0
7.0,40.0
6.7,926.0
7.6,118.0
5.3,37.0
7.8,9946.0
6.4,66.0
6.4,1873.0
6.4,275.0
7.6,3568.0
6.5,17.0
5.4,481.0
6.8,4058.0
4.7,8.0
6.0,37.0
6.4,1370.0
7.8,10.0
6.0,1095.0
6.0,21.0
0.0,0.0
7.7,2066.0
7.5,39.0
6.9,141.0
7.5,523.0
6.4,202.0
6.4,4044.0
3.7,23.0
5.5,846.0
5.6,20.0
5.9,11.0
0.0,0.0
7.2,2002.0
5.5,13.0
8.0,1580.0
7.4,143.0
8.0,596.0
7.0,3303.0
5.7,250.0
4.6,204.0
4.3,55.0
6.5,846.0
0.0,0.0
6.7,2019.0
6.6,449.0
4.0,12.0
7.9,4851.0
6.8,25.0
6.4,69.0
6.2,196.0
7.5,23.0
6.5,1814.0
6.6,56.0
0.0,0.0
5.6,893.0
6.6,491.0
5.9,1055.0
6.1,39.0
6.5,6718.0
6.2,2852.0
5.0,26.0
6.0,642.0
5.6,20.0
5.8,4752.0
0.0,0.0
7.3,184.0
5.0,1.0
6.6,71.0
6.1,180.0
5.6,2545.0
8.0,1.0
7.6,1454.0
4.7,81.0
7.6,236.0
6.9,6.0
0.0,0.0
5.4,50.0
5.9,55.0
4.9,13.0
7.5,13.0
5.7,566.0
7.3,29.0
6.9,66.0
6.1,45.0
5.8,272.0
5.8,25.0
6.1,71.0
6.9,711.0
5.6,510.0
6.3,3547.0
5.6,509.0
7.2,2340.0
6.0,167.0
8.4,5345.0
6.1,659.0
7.0,3293.0
0.0,0.0
6.3,684.0
7.0,1861.0
5.6,39.0
7.2,2322.0
8.2,885.0
4.0,41.0
4.4,252.0
7.4,996.0
7.2,92.0
6.5,2724.0
5.4,4869.0
5.7,23.0
5.4,6.0
6.9,211.0
7.2,5910.0
7.0,508.0
0.0,0.0
6.1,62.0
7.4,1990.0
7.1,318.0
6.6,181.0
5.4,3004.0
7.3,36.0
7.9,20.0
6.8,343.0
6.7,994.0
7.3,1556.0
0.0,0.0
7.0,102.0
5.3,46.0
5.8,131.0
5.4,154.0
6.9,2581.0
6.1,870.0
7.4,2000.0
8.6,8.0
6.3,34.0
6.8,54.0
0.0,0.0
5.5,60.0
7.2,725.0
5.5,1058.0
6.1,9.0
2.7,10.0
5.9,70.0
7.1,2024.0
5.6,1457.0
7.0,7.0
6.8,171.0
0.0,0.0
2.1,44.0
6.3,313.0
7.5,2.0
6.0,757.0
7.0,3.0
4.9,35.0
6.7,156.0
6.5,207.0
6.6,74.0
5.7,1004.0
0.0,0.0
7.6,44.0
7.2,180.0
7.0,3.0
5.9,299.0
5.9,400.0
6.1,402.0
8.1,11235.0
4.7,176.0
7.1,41.0
5.8,11742.0
0.0,0.0
5.6,481.0
7.3,115.0
7.2,163.0
7.0,60.0
4.9,96.0
6.4,65.0
5.0,262.0
5.4,48.0
5.6,1198.0
5.8,1718.0
0.0,0.0
7.4,18268.0
7.1,50.0
4.7,3.0
6.3,1285.0
6.6,26.0
7.1,1021.0
6.7,570.0
4.3,348.0
7.3,1684.0
5.7,111.0
0.0,0.0
7.7,63.0
6.9,113.0
5.4,287.0
7.3,161.0
7.7,2115.0
7.7,1412.0
6.5,758.0
5.6,39.0
7.1,137.0
6.6,172.0
0.0,0.0
5.4,820.0
6.1,319.0
7.5,2300.0
7.0,1245.0
6.9,32.0
6.8,2909.0
7.0,286.0
7.0,405.0
6.7,4812.0
6.3,261.0
0.0,0.0
5.7,170.0
6.1,328.0
6.9,118.0
6.8,2577.0
5.7,764.0
6.3,1779.0
7.9,374.0
6.1,258.0
6.7,89.0
6.5,23.0
0.0,0.0
8.1,578.0
3.7,8.0
6.0,1709.0
7.8,13528.0
4.3,3.0
6.8,23.0
5.7,595.0
7.0,9523.0
6.5,242.0
5.3,34.0
6.3,224.0
6.3,551.0
7.8,1162.0
6.3,16.0
4.7,3.0
7.0,2021.0
6.3,43.0
6.6,574.0
7.3,142.0
6.4,1091.0
7.3,340.0
7.2,111.0
6.0,70.0
6.6,248.0
7.1,32.0
7.2,266.0
6.9,174.0
0.0,0.0
5.8,71.0
7.1,1407.0
6.3,187.0
6.0,66.0
7.1,11.0
4.7,24.0
6.0,45.0
5.8,952.0
6.9,16.0
6.0,684.0
0.0,0.0
6.7,522.0
6.6,501.0
8.2,720.0
6.4,259.0
6.3,2492.0
6.7,3854.0
3.7,8.0
6.7,29.0
6.6,144.0
5.7,440.0
0.0,0.0
7.7,12.0
5.7,7451.0
7.0,233.0
7.2,1186.0
6.9,287.0
5.1,142.0
5.2,58.0
5.5,35.0
5.9,667.0
6.8,99.0
0.0,0.0
5.3,493.0
7.7,63.0
6.3,18.0
7.0,188.0
5.7,119.0
6.5,25.0
7.5,908.0
6.5,79.0
6.5,295.0
6.1,300.0
0.0,0.0
6.0,17.0
6.1,2160.0
5.4,1632.0
6.8,6030.0
6.8,21.0
7.4,79.0
6.5,3185.0
7.3,610.0
5.2,135.0
6.3,887.0
3.7,8.0
5.1,232.0
6.3,349.0
7.8,316.0
6.9,4855.0
7.6,758.0
6.3,645.0
5.6,867.0
5.4,75.0
6.1,356.0
0.0,0.0
6.1,756.0
6.3,12.0
6.1,683.0
7.5,2556.0
8.1,14049.0
5.1,615.0
7.1,1441.0
5.9,119.0
6.5,1177.0
5.3,65.0
0.0,0.0
6.1,188.0
5.7,62.0
4.9,650.0
5.5,320.0
7.3,190.0
5.4,358.0
5.0,582.0
7.1,86.0
6.8,96.0
7.8,143.0
0.0,0.0
6.5,2.0
6.4,33.0
5.7,197.0
5.9,602.0
5.8,255.0
6.2,1098.0
6.7,2448.0
5.8,221.0
5.1,349.0
7.5,182.0
0.0,0.0
6.1,590.0
6.7,192.0
5.1,58.0
5.4,44.0
6.9,47.0
6.8,303.0
6.4,274.0
5.5,196.0
5.4,45.0
5.9,2612.0
0.0,0.0
6.8,382.0
5.2,9.0
4.6,171.0
7.9,1704.0
5.4,902.0
5.2,9.0
6.4,31.0
5.5,11.0
6.8,281.0
7.1,892.0
7.0,4347.0
5.9,238.0
4.8,31.0
6.3,1291.0
4.2,606.0
7.3,436.0
6.1,649.0
5.0,80.0
7.1,1166.0
6.6,386.0
0.0,0.0
5.6,9.0
7.1,34.0
6.7,275.0
6.4,9.0
6.2,63.0
5.6,28.0
7.5,126.0
7.5,2970.0
7.1,368.0
7.4,282.0
5.1,185.0
5.5,813.0
6.0,314.0
6.7,232.0
6.0,913.0
5.9,242.0
5.4,601.0
6.1,5.0
6.6,931.0
5.4,94.0
6.3,84.0
5.5,94.0
5.4,68.0
7.1,291.0
6.2,9.0
6.0,1792.0
0.0,0.0
6.4,7235.0
4.9,111.0
5.5,2819.0
5.4,346.0
6.5,1175.0
6.5,1265.0
6.3,221.0
7.6,27.0
7.1,27.0
7.5,3834.0
0.0,0.0
5.5,80.0
7.3,4338.0
7.6,1948.0
6.4,27.0
8.0,31.0
7.4,237.0
6.1,800.0
7.7,456.0
7.8,673.0
3.5,17.0
0.0,0.0
6.9,10.0
6.7,247.0
5.9,122.0
7.4,240.0
6.7,1095.0
6.9,184.0
6.6,4475.0
7.5,329.0
4.7,6.0
4.8,575.0
6.5,103.0
7.7,10521.0
5.3,52.0
5.0,387.0
7.3,1450.0
5.9,509.0
7.8,3429.0
5.4,1607.0
7.8,394.0
6.5,20.0
0.0,0.0
5.7,641.0
5.5,758.0
6.8,143.0
6.7,11.0
5.0,2.0
3.3,638.0
6.9,2001.0
7.2,758.0
7.9,2372.0
7.4,489.0
0.0,0.0
6.7,145.0
5.6,742.0
7.1,131.0
6.3,104.0
6.7,59.0
7.0,1549.0
5.9,176.0
7.4,34.0
6.9,2508.0
6.6,27.0
0.0,0.0
7.1,589.0
5.8,55.0
7.6,172.0
5.5,195.0
5.0,1.0
5.6,304.0
6.4,503.0
5.4,673.0
5.3,399.0
5.9,49.0
0.0,0.0
6.9,1587.0
6.8,55.0
4.3,145.0
6.2,885.0
6.2,1743.0
6.1,2329.0
2.7,13.0
5.7,432.0
6.9,719.0
7.0,365.0
0.0,0.0
6.0,26.0
7.1,40.0
6.8,98.0
4.3,22.0
5.7,1309.0
6.2,462.0
5.8,81.0
7.1,137.0
6.5,5754.0
7.2,205.0
0.0,0.0
6.8,4473.0
6.1,933.0
7.0,128.0
6.7,40.0
6.2,76.0
7.0,313.0
5.9,952.0
4.0,2.0
5.7,450.0
5.9,189.0
4.9,7.0
7.2,8.0
7.5,1906.0
6.4,152.0
7.0,1405.0
7.9,280.0
7.4,112.0
7.2,4147.0
6.6,1191.0
6.6,1222.0
5.9,458.0
6.3,3.0
5.7,170.0
5.9,1942.0
6.3,524.0
7.1,117.0
5.5,288.0
6.6,58.0
6.6,30.0
6.0,1163.0
0.0,0.0
5.7,39.0
5.8,167.0
8.1,677.0
6.7,349.0
6.5,157.0
5.6,2758.0
6.0,21.0
7.3,1148.0
6.4,142.0
6.5,1698.0
6.4,35.0
5.4,2274.0
0.0,0.0
6.3,2831.0
5.5,287.0
8.0,1094.0
6.1,3531.0
4.0,36.0
6.2,14.0
6.5,42.0
5.1,139.0
7.4,402.0
0.0,0.0
5.7,169.0
6.8,2371.0
6.3,350.0
6.7,238.0
5.9,676.0
5.7,244.0
7.1,10416.0
5.6,47.0
6.7,566.0
6.1,89.0
3.0,2.0
7.5,219.0
5.8,37.0
6.9,8089.0
7.5,18.0
7.2,1897.0
6.5,3749.0
5.2,759.0
5.3,121.0
5.2,25.0
5.6,8.0
6.2,543.0
7.4,1655.0
6.2,868.0
6.0,39.0
6.8,913.0
7.3,568.0
6.9,4202.0
6.0,101.0
7.4,2230.0
0.0,0.0
6.3,70.0
7.0,677.0
4.9,174.0
6.7,405.0
5.6,889.0
6.2,39.0
6.9,305.0
5.1,356.0
0.0,0.0
7.5,538.0
5.5,241.0
4.5,38.0
7.2,1366.0
4.5,91.0
6.1,129.0
7.3,275.0
7.7,13.0
7.0,1918.0
7.1,34.0
0.0,0.0
0.0,0.0
7.2,403.0
5.9,894.0
5.9,334.0
7.3,284.0
7.3,1456.0
6.4,2870.0
6.9,553.0
6.6,1459.0
6.1,726.0
7.8,4811.0
7.6,6.0
6.7,321.0
5.4,47.0
6.4,1235.0
7.2,23.0
5.5,567.0
8.6,3944.0
7.1,11473.0
6.5,465.0
7.0,1006.0
6.2,1575.0
6.4,41.0
5.9,803.0
6.0,2.0
6.7,42.0
6.7,267.0
7.0,82.0
8.4,12855.0
5.9,296.0
5.2,881.0
0.0,0.0
4.8,908.0
6.1,1665.0
6.2,180.0
7.4,49.0
5.8,56.0
7.6,372.0
5.9,695.0
5.7,1779.0
5.5,681.0
5.6,1888.0
6.3,402.0
8.1,1099.0
7.7,49.0
6.4,328.0
4.5,33.0
7.4,444.0
8.2,38.0
7.1,16.0
6.8,81.0
6.7,64.0
0.0,0.0
5.1,802.0
6.7,14.0
7.3,1032.0
6.5,210.0
7.3,2871.0
6.2,2834.0
4.3,12.0
5.7,75.0
6.2,818.0
7.8,1423.0
0.0,0.0
7.0,218.0
6.4,62.0
6.9,149.0
5.9,341.0
4.7,3.0
4.5,246.0
6.4,1757.0
5.9,392.0
7.1,176.0
6.3,1866.0
0.0,0.0
5.7,136.0
7.0,64.0
5.5,23.0
7.0,378.0
6.5,3688.0
7.9,112.0
6.8,8.0
7.2,459.0
6.8,5096.0
6.4,227.0
6.4,97.0
0.0,0.0
6.6,107.0
6.8,338.0
6.9,2990.0
7.2,9853.0
8.3,3831.0
5.3,33.0
7.2,89.0
7.2,25.0
6.0,3902.0
6.4,676.0
7.3,6936.0
7.5,1022.0
5.7,555.0
4.9,33.0
5.6,118.0
6.1,540.0
7.5,1838.0
6.3,304.0
8.0,3360.0
7.5,8327.0
5.7,28.0
6.0,3708.0
4.1,35.0
6.3,1653.0
4.4,1301.0
6.2,2283.0
5.7,47.0
6.6,105.0
5.7,286.0
6.7,2727.0
6.6,172.0
6.3,615.0
6.3,68.0
4.2,34.0
6.8,2071.0
7.7,2945.0
7.8,602.0
7.8,1735.0
5.5,29.0
6.6,2207.0
6.2,1142.0
6.1,1373.0
6.0,682.0
5.9,14.0
5.7,33.0
5.2,91.0
5.5,4625.0
7.1,467.0
0.0,0.0
7.3,18.0
6.0,311.0
5.3,40.0
6.7,1177.0
7.8,2966.0
5.8,6.0
6.9,1873.0
6.9,516.0
6.7,29.0
7.3,124.0
5.9,105.0
6.0,47.0
6.9,129.0
7.5,1257.0
6.6,98.0
6.3,543.0
8.0,76.0
2.2,10.0
6.8,311.0
6.3,740.0
0.0,0.0
6.1,13.0
4.7,137.0
6.1,2313.0
8.1,788.0
7.9,121.0
6.6,817.0
7.2,83.0
6.5,2.0
6.4,203.0
7.1,9.0
5.3,8.0
7.3,2550.0
7.3,74.0
5.5,603.0
6.3,146.0
6.4,4060.0
5.1,653.0
6.2,95.0
6.2,1460.0
6.2,425.0
7.0,303.0
5.1,9.0
8.0,677.0
7.0,12.0
6.2,1435.0
6.8,16.0
5.9,147.0
6.0,759.0
7.8,1219.0
5.1,105.0
0.0,0.0
6.4,87.0
6.6,739.0
8.4,8032.0
7.1,6239.0
7.2,35.0
6.8,1273.0
6.8,1215.0
5.8,119.0
5.9,818.0
4.9,65.0
0.0,0.0
7.1,295.0
7.3,11.0
6.0,1722.0
5.6,39.0
5.3,248.0
6.0,11.0
6.2,43.0
6.8,604.0
6.6,864.0
6.8,2309.0
0.0,0.0
7.8,603.0
6.6,44.0
7.7,8127.0
7.2,693.0
5.1,143.0
7.3,19.0
4.3,165.0
6.0,566.0
5.8,60.0
4.0,168.0
4.0,1.0
5.1,252.0
7.2,50.0
6.4,1188.0
5.0,6.0
7.9,1950.0
6.5,420.0
5.5,154.0
5.7,55.0
6.0,369.0
4.0,231.0
5.9,143.0
7.7,747.0
5.4,4.0
0.0,0.0
5.8,2598.0
7.4,1130.0
6.0,214.0
6.9,112.0
6.3,315.0
5.5,1436.0
7.2,122.0
6.8,70.0
6.5,223.0
0.0,0.0
6.6,23.0
5.8,389.0
4.1,385.0
7.1,207.0
6.1,197.0
6.9,265.0
7.4,2823.0
6.5,420.0
5.6,589.0
6.3,213.0
7.1,25.0
6.7,362.0
5.6,70.0
5.1,288.0
6.9,370.0
6.1,54.0
7.8,303.0
5.7,262.0
6.1,11.0
6.4,410.0
0.0,0.0
5.9,898.0
7.9,9808.0
6.7,280.0
7.2,109.0
6.2,1839.0
7.4,1083.0
7.0,34.0
6.6,68.0
4.4,14.0
6.0,236.0
4.1,160.0
5.2,269.0
6.8,145.0
7.0,7651.0
5.9,777.0
5.7,60.0
6.1,872.0
6.5,690.0
7.3,8172.0
6.6,320.0
0.0,0.0
6.5,2109.0
5.5,26.0
6.5,180.0
5.2,511.0
4.7,13.0
5.1,106.0
5.8,39.0
4.4,22.0
5.5,128.0
6.5,1.0
5.5,4.0
6.2,453.0
6.0,483.0
6.0,356.0
7.0,28.0
6.3,203.0
5.3,937.0
6.5,4803.0
6.6,34.0
4.9,71.0
0.0,0.0
6.6,340.0
7.2,807.0
6.5,383.0
6.8,84.0
6.5,31.0
6.2,3.0
7.0,1560.0
6.8,164.0
6.3,26.0
7.0,1631.0
6.3,110.0
5.1,77.0
8.3,9583.0
5.8,341.0
7.1,1332.0
5.0,371.0
7.1,251.0
6.6,105.0
6.1,42.0
7.8,548.0
0.0,0.0
5.6,3186.0
5.4,6294.0
8.0,369.0
5.4,270.0
6.5,8072.0
6.1,503.0
6.1,12.0
6.6,2391.0
5.9,717.0
7.5,543.0
6.9,72.0
5.0,2.0
5.2,46.0
5.8,20.0
6.8,84.0
6.3,152.0
6.7,91.0
6.4,1283.0
6.2,308.0
4.2,47.0
0.0,0.0
6.4,548.0
7.1,16.0
5.7,25.0
7.1,1866.0
5.6,56.0
5.5,320.0
7.7,5797.0
7.6,1952.0
7.0,125.0
6.7,86.0
0.0,0.0
6.3,49.0
7.1,1863.0
6.7,828.0
7.0,689.0
6.3,758.0
6.6,4985.0
7.4,5.0
6.5,549.0
8.0,282.0
5.4,37.0
0.0,0.0
6.5,239.0
7.5,160.0
6.8,20.0
6.4,140.0
5.9,631.0
7.0,1567.0
7.3,3782.0
5.5,187.0
6.5,2616.0
6.1,19.0
7.6,647.0
5.4,671.0
5.9,30.0
7.5,278.0
6.0,457.0
6.7,842.0
5.0,4.0
6.6,228.0
5.4,357.0
5.5,234.0
7.3,887.0
5.6,50.0
6.5,1201.0
7.3,3622.0
6.4,93.0
6.1,17.0
6.1,1061.0
5.5,31.0
5.8,416.0
7.3,8565.0
6.6,240.0
6.4,28.0
7.3,587.0
7.0,42.0
6.6,1325.0
5.5,11.0
4.4,105.0
7.9,20.0
6.2,17.0
0.0,0.0
6.8,385.0
5.0,1.0
6.4,74.0
7.4,2299.0
5.0,1.0
5.9,84.0
7.8,115.0
7.4,415.0
4.5,21.0
4.5,63.0
6.6,13.0
6.6,691.0
6.1,934.0
7.3,156.0
6.4,259.0
4.8,13.0
6.0,17.0
6.8,155.0
6.1,17.0
6.4,674.0
0.0,0.0
5.6,17.0
7.0,222.0
6.3,822.0
4.6,190.0
7.8,1814.0
7.4,621.0
6.3,1061.0
7.7,617.0
7.4,292.0
6.9,975.0
6.8,315.0
5.8,19.0
6.1,1810.0
5.4,254.0
6.7,268.0
6.1,104.0
6.5,75.0
7.0,512.0
6.4,137.0
7.5,105.0
0.0,0.0
6.0,5.0
5.3,82.0
5.8,418.0
6.8,403.0
4.9,218.0
5.4,121.0
6.7,131.0
6.7,268.0
6.5,2668.0
6.1,710.0
4.3,61.0
7.2,1434.0
6.8,5.0
6.5,136.0
6.0,141.0
6.9,27.0
4.8,458.0
7.5,660.0
5.8,3634.0
6.5,268.0
0.0,0.0
7.2,219.0
6.9,84.0
7.0,471.0
7.0,247.0
5.9,127.0
6.2,3962.0
7.0,767.0
7.0,190.0
4.6,7.0
7.1,1778.0
6.9,42.0
4.8,655.0
6.2,2572.0
6.6,26.0
5.4,33.0
5.2,61.0
6.9,82.0
5.1,447.0
6.8,2855.0
5.9,589.0
0.0,0.0
7.1,50.0
7.4,646.0
7.1,57.0
6.4,43.0
7.2,338.0
6.6,320.0
5.8,2.0
6.0,499.0
5.8,648.0
6.1,42.0
0.0,0.0
6.1,95.0
5.4,1385.0
7.4,426.0
7.1,103.0
6.7,326.0
4.9,164.0
6.8,6362.0
6.3,502.0
6.9,1637.0
6.6,287.0
0.0,0.0
6.5,14.0
7.4,267.0
4.5,11.0
7.7,798.0
5.8,265.0
5.6,117.0
5.5,233.0
6.7,330.0
6.9,48.0
6.2,77.0
6.7,3774.0
7.2,1603.0
7.7,423.0
6.3,301.0
5.9,744.0
6.1,15.0
7.5,659.0
7.4,1659.0
7.0,34.0
5.5,23.0
4.9,7.0
6.3,72.0
6.8,5118.0
5.6,1471.0
8.4,14383.0
5.9,245.0
5.9,894.0
6.3,52.0
6.4,268.0
7.4,417.0
6.1,563.0
5.8,2099.0
6.1,630.0
6.5,2926.0
7.6,1410.0
6.2,348.0
7.1,318.0
6.0,48.0
6.3,879.0
6.4,109.0
6.2,186.0
7.4,507.0
6.3,47.0
7.0,568.0
6.0,12.0
6.8,1493.0
6.8,3479.0
5.6,336.0
6.7,39.0
7.2,176.0
6.6,776.0
5.8,226.0
6.4,97.0
6.6,868.0
4.4,49.0
6.1,924.0
6.9,42.0
6.8,35.0
6.6,152.0
5.8,670.0
6.8,7613.0
6.6,2858.0
6.3,77.0
5.5,133.0
5.0,934.0
7.5,75.0
7.0,246.0
5.2,260.0
6.6,161.0
6.2,409.0
6.5,176.0
6.9,48.0
6.6,26.0
6.3,13.0
7.2,164.0
6.0,97.0
5.9,472.0
5.9,622.0
5.4,7.0
6.4,388.0
6.7,878.0
7.5,2.0
6.9,6186.0
7.1,223.0
7.1,447.0
6.0,779.0
5.9,2255.0
5.3,203.0
8.0,718.0
6.5,13.0
7.1,171.0
6.0,453.0
7.4,5291.0
3.8,432.0
7.4,172.0
5.4,346.0
7.0,131.0
6.4,257.0
6.4,1988.0
6.3,99.0
7.5,741.0
5.7,43.0
6.7,939.0
6.9,1905.0
5.8,789.0
5.8,4162.0
5.0,43.0
7.6,24.0
4.8,56.0
7.3,4.0
6.9,2879.0
7.6,2109.0
6.0,3668.0
6.1,1335.0
5.3,474.0
6.3,14.0
4.2,188.0
7.9,898.0
6.7,132.0
7.4,922.0
6.4,116.0
7.3,56.0
8.0,1029.0
5.5,19.0
8.2,5511.0
5.5,237.0
6.7,937.0
4.5,91.0
6.4,83.0
5.8,361.0
6.6,2954.0
8.5,5711.0
5.2,4375.0
6.7,115.0
6.4,644.0
7.1,133.0
6.1,75.0
6.9,13679.0
6.4,1077.0
7.1,2633.0
6.7,1142.0
7.6,1656.0
5.9,1521.0
8.5,73.0
6.2,14.0
6.0,712.0
6.6,81.0
7.2,40.0
7.5,100.0
5.3,363.0
7.7,619.0
5.1,264.0
8.0,1393.0
6.6,60.0
5.9,684.0
7.1,703.0
6.2,702.0
5.9,123.0
0.0,0.0
6.9,5546.0
5.3,9.0
6.4,233.0
7.3,373.0
7.4,1586.0
6.1,464.0
6.8,73.0
6.7,459.0
6.4,2082.0
5.3,1606.0
6.1,44.0
5.0,117.0
7.2,484.0
7.5,328.0
7.3,1877.0
5.0,26.0
5.2,1139.0
7.4,6471.0
5.9,1680.0
7.0,1007.0
5.2,548.0
7.0,835.0
6.2,2548.0
6.7,80.0
6.5,1195.0
8.2,10655.0
7.0,76.0
6.0,853.0
6.3,1979.0
5.5,41.0
7.2,2616.0
7.0,24.0
7.1,215.0
5.6,137.0
6.8,160.0
7.5,30.0
5.8,1722.0
6.6,72.0
5.3,88.0
6.1,51.0
5.9,761.0
7.0,310.0
6.6,7.0
6.7,439.0
5.8,29.0
6.1,4633.0
5.2,10.0
5.3,18.0
7.6,520.0
6.3,54.0
7.8,1521.0
5.5,1059.0
8.1,12262.0
6.7,30.0
5.1,23.0
7.8,663.0
5.6,401.0
6.1,276.0
6.5,3426.0
7.1,1869.0
6.7,6.0
7.6,88.0
7.3,1182.0
6.8,1276.0
5.5,3830.0
7.1,3186.0
7.2,422.0
6.8,99.0
5.4,1552.0
6.2,4133.0
6.1,404.0
6.7,257.0
6.9,2853.0
8.1,334.0
7.1,1707.0
7.0,865.0
6.5,115.0
5.9,57.0
6.5,1844.0
6.2,18.0
0.0,0.0
7.4,2729.0
7.5,165.0
4.9,18.0
5.7,98.0
4.4,51.0
6.9,64.0
5.6,196.0
5.7,286.0
6.5,850.0
7.2,845.0
6.7,9.0
6.2,52.0
5.4,7.0
5.7,711.0
7.4,649.0
4.3,19.0
6.6,116.0
5.1,1411.0
5.6,218.0
0.0,0.0
7.1,1801.0
7.1,10276.0
6.3,22.0
6.6,1898.0
5.4,511.0
5.1,145.0
6.5,122.0
5.5,431.0
5.8,556.0
4.4,27.0
7.1,1151.0
7.1,3990.0
7.1,1704.0
7.4,1430.0
7.1,49.0
7.4,291.0
5.8,274.0
7.2,2204.0
5.6,583.0
6.6,652.0
7.4,110.0
6.9,9.0
7.1,672.0
7.0,276.0
6.2,406.0
4.6,44.0
6.2,303.0
6.6,46.0
3.0,48.0
5.7,33.0
7.2,741.0
5.9,5216.0
5.9,373.0
5.4,323.0
7.4,231.0
6.5,3389.0
8.0,210.0
